-- MySQL dump 10.13  Distrib 5.7.17, for macos10.12 (x86_64)
--
-- Host: 127.0.0.1    Database: exhibitionsys
-- ------------------------------------------------------
-- Server version	5.7.17

/*!40101 SET @OLD_CHARACTER_SET_CLIENT=@@CHARACTER_SET_CLIENT */;
/*!40101 SET @OLD_CHARACTER_SET_RESULTS=@@CHARACTER_SET_RESULTS */;
/*!40101 SET @OLD_COLLATION_CONNECTION=@@COLLATION_CONNECTION */;
/*!40101 SET NAMES utf8 */;
/*!40103 SET @OLD_TIME_ZONE=@@TIME_ZONE */;
/*!40103 SET TIME_ZONE='+00:00' */;
/*!40014 SET @OLD_UNIQUE_CHECKS=@@UNIQUE_CHECKS, UNIQUE_CHECKS=0 */;
/*!40014 SET @OLD_FOREIGN_KEY_CHECKS=@@FOREIGN_KEY_CHECKS, FOREIGN_KEY_CHECKS=0 */;
/*!40101 SET @OLD_SQL_MODE=@@SQL_MODE, SQL_MODE='NO_AUTO_VALUE_ON_ZERO' */;
/*!40111 SET @OLD_SQL_NOTES=@@SQL_NOTES, SQL_NOTES=0 */;

--
-- Table structure for table `department`
--

DROP TABLE IF EXISTS `department`;
/*!40101 SET @saved_cs_client     = @@character_set_client */;
/*!40101 SET character_set_client = utf8 */;
CREATE TABLE `department` (
  `id` int(11) NOT NULL AUTO_INCREMENT,
  `depart_name` varchar(255) NOT NULL,
  `depart_type` int(11) DEFAULT '0',
  PRIMARY KEY (`id`)
) ENGINE=InnoDB AUTO_INCREMENT=203 DEFAULT CHARSET=utf8;
/*!40101 SET character_set_client = @saved_cs_client */;

--
-- Dumping data for table `department`
--

LOCK TABLES `department` WRITE;
/*!40000 ALTER TABLE `department` DISABLE KEYS */;
INSERT INTO `department` VALUES (100,'工业设计',1),(101,'产品艺术与设计',1),(102,'陶瓷艺术与设计',1),(103,'环境艺术与设计',1),(104,'公共艺术与设计',1),(105,'服装与服饰设计',1),(200,'工业设计',2),(201,'设计学',2),(202,'工业设计工程',2);
/*!40000 ALTER TABLE `department` ENABLE KEYS */;
UNLOCK TABLES;

--
-- Table structure for table `design`
--

DROP TABLE IF EXISTS `design`;
/*!40101 SET @saved_cs_client     = @@character_set_client */;
/*!40101 SET character_set_client = utf8 */;
CREATE TABLE `design` (
  `id` char(32) NOT NULL,
  `title` varchar(255) NOT NULL,
  `isteamwork` smallint(6) NOT NULL DEFAULT '0',
  `design_type` varchar(255) DEFAULT '',
  `description` longtext,
  `tutor` varchar(255) DEFAULT '',
  `length` varchar(255) NOT NULL DEFAULT '0',
  `width` varchar(255) NOT NULL DEFAULT '0',
  `height` varchar(255) NOT NULL DEFAULT '0',
  `status` smallint(6) NOT NULL DEFAULT '0',
  `reason` longtext,
  `submit_time` datetime DEFAULT NULL,
  `student_id` char(32) NOT NULL,
  `project_id` int(11) NOT NULL,
  PRIMARY KEY (`id`),
  KEY `d_student_id_fk` (`student_id`),
  KEY `d_project_id` (`project_id`),
  KEY `title` (`title`),
  CONSTRAINT `d_project_id` FOREIGN KEY (`project_id`) REFERENCES `design_project` (`id`),
  CONSTRAINT `d_student_id_fk` FOREIGN KEY (`student_id`) REFERENCES `student` (`id`)
) ENGINE=InnoDB DEFAULT CHARSET=utf8;
/*!40101 SET character_set_client = @saved_cs_client */;

--
-- Dumping data for table `design`
--

LOCK TABLES `design` WRITE;
/*!40000 ALTER TABLE `design` DISABLE KEYS */;
INSERT INTO `design` VALUES ('010E5F87DF3644DD944A5257CE159B00','2016毕业设计',0,'',NULL,'aa,c,cc','0','0','0',1,'','2016-01-02 00:00:00','08EBC8A364634EB592D2ABF7D64C0489',1),('017DEEF65B6749A9AE34C68F938070CE','2016毕业设计',0,'',NULL,'aa,bb,cc','0','0','0',0,'','2016-01-02 00:00:00','0A89A424A5E64063B1FB2EC016F360E2',1),('02CE90C2509B4D4AA46D8141D1DB6AA0','2016毕业设计',0,'',NULL,'aa,bb,cc','0','0','0',2,'??????hhj','2016-01-02 00:00:00','0960782C353E43D49696304F67E654B8',1),('046E4F7B48BB400CA91539AB52F9CC34','loser',0,'bbbbb','aaaaa','aa,bb,cc','10','10','10',2,'这提莫也能叫作品？','2016-01-02 00:00:00','009AA00B89A1409F8E4D1B708F2F1BC8',1),('083C7DA4E205481682D7AA95FE053C8A','2016毕业设计',0,'',NULL,'aa,bb,cc','0','0','0',1,'','2016-01-02 00:00:00','0646DCA13AF24675B1177D7F70282FE7',1),('08EEA8B3607E44A1A53953B9B8A54A71','2016毕业设计',0,'',NULL,'aa,bb,cc','0','0','0',2,'视频太差','2016-01-02 00:00:00','104',1),('09B3FEA388194629A9B69C72523E6795','2016毕业设计',0,'',NULL,'aa,bb,cc','0','0','0',1,'','2016-01-02 00:00:00','105',1),('26F3BDC2899D4784826CBA6DFFDADE94','2016毕业设计',0,'',NULL,'aa,bb,cc','0','0','0',2,'sadasdasda','2016-01-02 00:00:00','100',1),('2930E54B64D0439EB802C0F387B59504','2016毕业设计',0,'',NULL,'aa,bb,cc','0','0','0',0,'','2016-01-02 00:00:00','101',1),('2CC7144FE1214A878D5FC404273F578F','2016毕业设计',0,'',NULL,'aa,bb,cc','0','0','0',0,'','2016-01-02 00:00:00','103',1),('2D2FFE4537FD4B98BED4CE8A64E8569E','2016毕业设计',0,'',NULL,'aa,bb,cc','0','0','0',0,'','2016-01-02 00:00:00','100',1),('2E43C840F62B48D7BEAED730878CF43B','2016毕业设计',0,'',NULL,'aa,bb,cc','0','0','0',0,'','2016-01-02 00:00:00','101',1),('2EC258EBB2C04240A57573E05BC24574','2016毕业设计',0,'',NULL,'aa,bb,cc','0','0','0',0,'','2016-01-02 00:00:00','105',1),('31B93FE7A60444AF903AF44DFA60D6D3','2016毕业设计',0,'',NULL,'aa,bb,cc','0','0','0',0,'','2016-01-02 00:00:00','103',1),('32F6A3D8BCEA4F16AA2EFA6BBA01F8A1','2016毕业设计',0,'',NULL,'aa,bb,cc','0','0','0',0,'','2016-01-02 00:00:00','102',1),('33E7FAFAA892400FADCB31F946ED1499','2016毕业设计',0,'',NULL,'aa,bb,cc','0','0','0',0,'','2016-01-02 00:00:00','102',1),('35C5BA6F0B1340B495F850744A61640A','2016毕业设计',0,'',NULL,'aa,bb,cc','0','0','0',0,'','2016-01-02 00:00:00','101',1),('363186A1BCF14B7BA0A708A846A7FEDB','2016毕业设计',0,'',NULL,'aa,bb,cc','0','0','0',0,'','2016-01-02 00:00:00','100',1),('372F4502CE424200B53410AFC9E21021','2016毕业设计',0,'',NULL,'aa,bb,cc','0','0','0',0,'','2016-01-02 00:00:00','100',1),('378E3AD0265643269D7EBCD8FF8095A3','2016毕业设计',0,'',NULL,'aa,bb,cc','0','0','0',0,'','2016-01-02 00:00:00','105',1),('3999BDFB22F14EF8A7FD776BB532EC10','2016毕业设计',0,'',NULL,'aa,bb,cc','0','0','0',0,'','2016-01-02 00:00:00','100',1),('3AD7404FDB01443A95586CAB872C7108','2016毕业设计',0,'',NULL,'aa,bb,cc','0','0','0',0,'','2016-01-02 00:00:00','105',1),('3CFCCED144864D609F99856221A2A39E','2016毕业设计',0,'',NULL,'aa,bb,cc','0','0','0',0,'','2016-01-02 00:00:00','103',1),('3D2AF173F06445E48E01C58BE8E01874','2016毕业设计',0,'',NULL,'aa,bb,cc','0','0','0',0,'','2016-01-02 00:00:00','100',1),('41C2FF5B62164919966F5F16112FF2B5','2016毕业设计',0,'',NULL,'aa,bb,cc','0','0','0',0,'','2016-01-02 00:00:00','100',1),('4337cadbd9d7455f8bf5a42a768ecd75','loser',1,'bbbbb','aaaaa','yj','10','10','10',0,NULL,'2017-05-17 22:30:15','009AA00B89A1409F8E4D1B708F2F1BC8',1),('43F5999E0481469E8853A2871331C5FB','2016毕业设计',0,'',NULL,'aa,bb,cc','0','0','0',0,'','2016-01-02 00:00:00','104',1),('44594F315734430D9CD819111929A160','2016毕业设计',0,'',NULL,'aa,bb,cc','0','0','0',0,'','2016-01-02 00:00:00','102',1),('455323B8D79744F6801806A55003541B','2016毕业设计',0,'',NULL,'aa,bb,cc','0','0','0',0,'','2016-01-02 00:00:00','103',1),('45617B27BFB64AF492D742189C8FC9F4','2016毕业设计',0,'',NULL,'aa,bb,cc','0','0','0',0,'','2016-01-02 00:00:00','100',1),('474275F47BEC414DA765F05F5CAC28DA','2016毕业设计',0,'',NULL,'aa,bb,cc','0','0','0',0,'','2016-01-02 00:00:00','103',1),('47936F8CDF5E4FA5BD021FB1B9B580C8','2016毕业设计',0,'',NULL,'aa,bb,cc','0','0','0',0,'','2016-01-02 00:00:00','100',1),('47FE3322707547E99AB978896E7B65CC','2016毕业设计',0,'',NULL,'aa,bb,cc','0','0','0',0,'','2016-01-02 00:00:00','101',1),('49AF29A2C59B4E4CAA8E27E558B02195','2016毕业设计',0,'',NULL,'aa,bb,cc','0','0','0',0,'','2016-01-02 00:00:00','102',1),('4B198B6AC21146A698ABB14A00923357','2016毕业设计',0,'',NULL,'aa,bb,cc','0','0','0',0,'','2016-01-02 00:00:00','104',1),('4BB6A2A0D25949BAA5A301A2D8C9A76A','2016毕业设计',0,'',NULL,'aa,bb,cc','0','0','0',0,'','2016-01-02 00:00:00','101',1),('4E375844B26949F0B2B3D8C5552245EB','2016毕业设计',0,'',NULL,'aa,bb,cc','0','0','0',0,'','2016-01-02 00:00:00','100',1),('4EE83D6F08B347BAA3EADFC4259E561F','2016毕业设计',0,'',NULL,'aa,bb,cc','0','0','0',0,'','2016-01-02 00:00:00','101',1),('505B629584994BE5B9CF9A1FF5893531','2016毕业设计',0,'',NULL,'aa,bb,cc','0','0','0',0,'','2016-01-02 00:00:00','101',1),('526AF6C6CB2744CAB1EB07F43F54D3DA','2016毕业设计',0,'',NULL,'aa,bb,cc','0','0','0',0,'','2016-01-02 00:00:00','104',1),('5419FCD94D6648CC8F5BC74D5A989007','2016毕业设计',0,'',NULL,'aa,bb,cc','0','0','0',0,'','2016-01-02 00:00:00','102',1),('568CE55C9ED942FAB610C1BD5253D351','2016毕业设计',0,'',NULL,'aa,bb,cc','0','0','0',0,'','2016-01-02 00:00:00','104',1),('584DF276B5574C8B905E684C37EABE97','2016毕业设计',0,'',NULL,'aa,bb,cc','0','0','0',0,'','2016-01-02 00:00:00','105',1),('5951A174DC2C4C6F9162449FCBC84725','2016毕业设计',0,'',NULL,'aa,bb,cc','0','0','0',0,'','2016-01-02 00:00:00','101',1),('59C9D8B65F29402A9CBC4B8732B852FF','2016毕业设计',0,'',NULL,'aa,bb,cc','0','0','0',0,'','2016-01-02 00:00:00','105',1),('5BD7E63176D54BD9A2CDFE4A9880CC5B','2016毕业设计',0,'',NULL,'aa,bb,cc','0','0','0',0,'','2016-01-02 00:00:00','105',1),('5DECCC430EF0442BB4527477D3F9E6C0','2016毕业设计',0,'',NULL,'aa,bb,cc','0','0','0',0,'','2016-01-02 00:00:00','100',1),('62C3DDDCB84F44E59C63268C8BBE1D0D','2016毕业设计',0,'',NULL,'aa,bb,cc','0','0','0',0,'','2016-01-02 00:00:00','103',1),('63718AAD6C104D18B48870F3985B053B','2016毕业设计',0,'',NULL,'aa,bb,cc','0','0','0',0,'','2016-01-02 00:00:00','102',1),('65171F3A6405441BB88993B46B8777D7','2016毕业设计',0,'',NULL,'aa,bb,cc','0','0','0',0,'','2016-01-02 00:00:00','100',1),('6541DA107A59456B82BBE2DF767DDB4B','2016毕业设计',0,'',NULL,'aa,bb,cc','0','0','0',0,'','2016-01-02 00:00:00','104',1),('6599A1B61F71428A885574437B28542A','2016毕业设计',0,'',NULL,'aa,bb,cc','0','0','0',0,'','2016-01-02 00:00:00','105',1),('6700B524A2FE4087A141D990C34300D0','2016毕业设计',0,'',NULL,'aa,bb,cc','0','0','0',0,'','2016-01-02 00:00:00','102',1),('685C9361BE9948EB91BA99B105CFC42F','2016毕业设计',0,'',NULL,'aa,bb,cc','0','0','0',0,'','2016-01-02 00:00:00','100',1),('69566C8814764AAA83DEABFC7591E785','2016毕业设计',0,'',NULL,'aa,bb,cc','0','0','0',0,'','2016-01-02 00:00:00','102',1),('6ACAABF380414C5D8AFCD9F90E19BC43','2016毕业设计',0,'',NULL,'aa,bb,cc','0','0','0',0,'','2016-01-02 00:00:00','105',1),('6AD8F52CE0D942C4B5F2216523AD960A','2016毕业设计',0,'',NULL,'aa,bb,cc','0','0','0',0,'','2016-01-02 00:00:00','101',1),('6C093FFC939D41DB83020A88E3725061','2016毕业设计',0,'',NULL,'aa,bb,cc','0','0','0',0,'','2016-01-02 00:00:00','103',1),('6C12693FA3FF493186584013821F732D','2016毕业设计',0,'',NULL,'aa,bb,cc','0','0','0',0,'','2016-01-02 00:00:00','100',1),('6C9DCDA4750C493797B0A9A8DB60B8F2','2016毕业设计',0,'',NULL,'aa,bb,cc','0','0','0',0,'','2016-01-02 00:00:00','100',1),('6CB413D904354A1AAF07029E7CA22825','2016毕业设计',0,'',NULL,'aa,bb,cc','0','0','0',0,'','2016-01-02 00:00:00','103',1),('6D2A379ADC0940B0A4D3EE950FB49A36','2016毕业设计',0,'',NULL,'aa,bb,cc','0','0','0',0,'','2016-01-02 00:00:00','103',1),('6D71ADDA0D084B5D9D09C3D473A612DC','2016毕业设计',0,'',NULL,'aa,bb,cc','0','0','0',0,'','2016-01-02 00:00:00','102',1),('6E0F8888B84D43DC93D81771191A2F72','2016毕业设计',0,'',NULL,'aa,bb,cc','0','0','0',0,'','2016-01-02 00:00:00','104',1),('6E9D5BBE307E49A1AE12E40F84CD7BF1','2016毕业设计',0,'',NULL,'aa,bb,cc','0','0','0',0,'','2016-01-02 00:00:00','104',1),('70B3AF30428D4D0DA8CC5D84EF089B02','2016毕业设计',0,'',NULL,'aa,bb,cc','0','0','0',0,'','2016-01-02 00:00:00','104',1),('72D4EB4202614E2BAA89C194080B948C','2016毕业设计',0,'',NULL,'aa,bb,cc','0','0','0',0,'','2016-01-02 00:00:00','103',1),('76B0F96304004D37B7FD5A6917729934','2016毕业设计',0,'',NULL,'aa,bb,cc','0','0','0',0,'','2016-01-02 00:00:00','104',1),('77F808B53BED4FEB8DEF7C9917BCE46B','2016毕业设计',0,'',NULL,'aa,bb,cc','0','0','0',0,'','2016-01-02 00:00:00','100',1),('7C403C0B28F244BD85364ADDA61A13B9','2016毕业设计',0,'',NULL,'aa,bb,cc','0','0','0',0,'','2016-01-02 00:00:00','105',1),('7C667841C2134AE69BCC46054B3ED838','2016毕业设计',0,'',NULL,'aa,bb,cc','0','0','0',0,'','2016-01-02 00:00:00','105',1),('7DFD4D6042EE4D7BB17E947ACD930EE7','2016毕业设计',0,'',NULL,'aa,bb,cc','0','0','0',0,'','2016-01-02 00:00:00','102',1),('7E204928BDCA454EBB0B650B65B5B063','2016毕业设计',0,'',NULL,'aa,bb,cc','0','0','0',0,'','2016-01-02 00:00:00','102',1),('8000924FF3E64B23A4A444E17B17D8F4','2016毕业设计',0,'',NULL,'aa,bb,cc','0','0','0',0,'','2016-01-02 00:00:00','102',1),('833DBB65275F4357B0991C2D9ECC3E11','2016毕业设计',0,'',NULL,'aa,bb,cc','0','0','0',0,'','2016-01-02 00:00:00','104',1),('8764B4ABED3F44AEA378830DE03D8995','2016毕业设计',0,'',NULL,'aa,bb,cc','0','0','0',0,'','2016-01-02 00:00:00','104',1),('8796ED49ECB7447D9659993632491783','2016毕业设计',0,'',NULL,'aa,bb,cc','0','0','0',0,'','2016-01-02 00:00:00','100',1),('87A37412C4874B709AA6D98D48E398C7','2016毕业设计',0,'',NULL,'aa,bb,cc','0','0','0',0,'','2016-01-02 00:00:00','103',1),('8AF58D01DF30492C9791791D4FE6EE6E','2016毕业设计',0,'',NULL,'aa,bb,cc','0','0','0',0,'','2016-01-02 00:00:00','103',1),('8C3EACFCE75642B1871A397C606EEA8D','2016毕业设计',0,'',NULL,'aa,bb,cc','0','0','0',0,'','2016-01-02 00:00:00','100',1),('8E0998FB3F01411C92CBFC78F77920C9','2016毕业设计',0,'',NULL,'aa,bb,cc','0','0','0',0,'','2016-01-02 00:00:00','105',1),('900F9EA408BB4150BAAB2AADFA7F16EF','2016毕业设计',0,'',NULL,'aa,bb,cc','0','0','0',0,'','2016-01-02 00:00:00','104',1),('90B20CF1739F490689A4F0B69F1CD7B1','2016毕业设计',0,'',NULL,'aa,bb,cc','0','0','0',0,'','2016-01-02 00:00:00','100',1),('90CA5FA8323543DF903F6DD185ACDDEF','2016毕业设计',0,'',NULL,'aa,bb,cc','0','0','0',0,'','2016-01-02 00:00:00','100',1),('914198EACD92484BA9E8024CCBDC82A2','2016毕业设计',0,'',NULL,'aa,bb,cc','0','0','0',0,'','2016-01-02 00:00:00','100',1),('929513C7217D4775A277F8C55FB9891E','2016毕业设计',0,'',NULL,'aa,bb,cc','0','0','0',0,'','2016-01-02 00:00:00','100',1),('986B0B9A99C447418D7E67511D01CF7A','2016毕业设计',0,'',NULL,'aa,bb,cc','0','0','0',0,'','2016-01-02 00:00:00','102',1),('986B2873B2234146A4F2D90FDBDF85F1','2016毕业设计',0,'',NULL,'aa,bb,cc','0','0','0',0,'','2016-01-02 00:00:00','102',1),('991CCBC7E8ED4D0CBB980B40CD603FCC','2016毕业设计',0,'',NULL,'aa,bb,cc','0','0','0',0,'','2016-01-02 00:00:00','104',1),('99960193B0CD42DE98F97E5949344CBC','2016毕业设计',0,'',NULL,'aa,bb,cc','0','0','0',0,'','2016-01-02 00:00:00','105',1),('9A3DDE95596E4EF9BD2808981D8CE540','2016毕业设计',0,'',NULL,'aa,bb,cc','0','0','0',0,'','2016-01-02 00:00:00','101',1),('9B2E67101E8B4E8B8FDBF5FBC84023CC','2016毕业设计',0,'',NULL,'aa,bb,cc','0','0','0',0,'','2016-01-02 00:00:00','101',1),('9D496E80BFE64E37B2CE0BA7F24ED78E','2016毕业设计',0,'',NULL,'aa,bb,cc','0','0','0',0,'','2016-01-02 00:00:00','103',1),('9E803B58853A431A982CC4AFA9F3808F','2016毕业设计',0,'',NULL,'aa,bb,cc','0','0','0',0,'','2016-01-02 00:00:00','103',1),('9FC68FA7278349B9996C489C4EBB4C16','2016毕业设计',0,'',NULL,'aa,bb,cc','0','0','0',0,'','2016-01-02 00:00:00','105',1),('A06ABC20198D433F9D9C13BE392D1C08','2016毕业设计',0,'',NULL,'aa,bb,cc','0','0','0',0,'','2016-01-02 00:00:00','100',1),('A11D3C842E8D4EC39137F00C19A1C81D','2016毕业设计',0,'',NULL,'aa,bb,cc','0','0','0',0,'','2016-01-02 00:00:00','102',1),('A20291B1ED414EFABD4AE560CD587D48','2016毕业设计',0,'',NULL,'aa,bb,cc','0','0','0',0,'','2016-01-02 00:00:00','100',1),('A2C914439C7241CE896FCD30DACB8F61','2016毕业设计',0,'',NULL,'aa,bb,cc','0','0','0',0,'','2016-01-02 00:00:00','102',1),('A73BC51D62C04284A5CC766BA5B47706','2016毕业设计',0,'',NULL,'aa,bb,cc','0','0','0',0,'','2016-01-02 00:00:00','100',1),('a84be232b67c455e9c151dc565ea398c','loser',0,'bbbbb','aaaaa','aa,bb,cc','10','10','10',0,NULL,NULL,'009AA00B89A1409F8E4D1B708F2F1BC8',1),('A86C8A252C504BB5A706C0B3A2E323D6','2016毕业设计',0,'',NULL,'aa,bb,cc','0','0','0',0,'','2016-01-02 00:00:00','103',1),('A9E8F4A33DAA4B578F8CAEA83BC3A917','2016毕业设计',0,'',NULL,'aa,bb,cc','0','0','0',0,'','2016-01-02 00:00:00','100',1),('AC0D0AE5866448AFA68F57FC99F09F23','2016毕业设计',0,'',NULL,'aa,bb,cc','0','0','0',0,'','2016-01-02 00:00:00','102',1),('AC6F6114B3EC44D481650B3347EC1F8D','2016毕业设计',0,'',NULL,'aa,bb,cc','0','0','0',0,'','2016-01-02 00:00:00','105',1),('AD5F989BAD5141039D744D40AAC82AA4','2016毕业设计',0,'',NULL,'aa,bb,cc','0','0','0',0,'','2016-01-02 00:00:00','102',1),('AD817A06E40D42ECBD5C157951990FCC','2016毕业设计',0,'',NULL,'aa,bb,cc','0','0','0',0,'','2016-01-02 00:00:00','103',1),('B0296E9E9F134F2CA17E59BFC697F0DC','2016毕业设计',0,'',NULL,'aa,bb,cc','0','0','0',0,'','2016-01-02 00:00:00','105',1),('B15F94EA095E4C35820D4661A60F7E51','2016毕业设计',0,'',NULL,'aa,bb,cc','0','0','0',0,'','2016-01-02 00:00:00','105',1),('B2DC3A16395642C7A369B74C687708DC','2016毕业设计',0,'',NULL,'aa,bb,cc','0','0','0',0,'','2016-01-02 00:00:00','100',1),('B2E07E82C47246C5813C1DEB387CB004','2016毕业设计',0,'',NULL,'aa,bb,cc','0','0','0',0,'','2016-01-02 00:00:00','101',1),('B33D168094EE4A03AB4FADD0826BFD7B','2016毕业设计',0,'',NULL,'aa,bb,cc','0','0','0',0,'','2016-01-02 00:00:00','103',1),('B6D0C024D9FB4AFB862ED6B0B3E27276','2016毕业设计',0,'',NULL,'aa,bb,cc','0','0','0',0,'','2016-01-02 00:00:00','103',1),('B9393390BEC449D89120EAE15E29942F','2016毕业设计',0,'',NULL,'aa,bb,cc','0','0','0',0,'','2016-01-02 00:00:00','100',1),('B9D0820FBD6148FFBD8CE6480894FF04','2016毕业设计',0,'',NULL,'aa,bb,cc','0','0','0',0,'','2016-01-02 00:00:00','100',1),('BA6A04E2BB1E4F469214248E96222515','2016毕业设计',0,'',NULL,'aa,bb,cc','0','0','0',0,'','2016-01-02 00:00:00','104',1),('BA74EADEDAF84209B02E0A700757E2FF','2016毕业设计',0,'',NULL,'aa,bb,cc','0','0','0',0,'','2016-01-02 00:00:00','104',1),('BAE756A0A7A740BF88F7074D60012918','2016毕业设计',0,'',NULL,'aa,bb,cc','0','0','0',0,'','2016-01-02 00:00:00','102',1),('BB1A9D74CB564399AA65264022C3AC49','2016毕业设计',0,'',NULL,'aa,bb,cc','0','0','0',0,'','2016-01-02 00:00:00','105',1),('BD9660389A47493BA1007851A506FB4A','2016毕业设计',0,'',NULL,'aa,bb,cc','0','0','0',0,'','2016-01-02 00:00:00','104',1),('BE8E4255E0A247C8B9A4485A47700663','2016毕业设计',0,'',NULL,'aa,bb,cc','0','0','0',0,'','2016-01-02 00:00:00','100',1),('bf6e78a720d84a499a81506f79522bc4','loser',1,'bbbbb','aaaaa','yj','10','10','10',0,NULL,'2017-05-17 22:30:15','009AA00B89A1409F8E4D1B708F2F1BC8',1),('C3069EBECC174172A0B413FC2152FBF6','2016毕业设计',0,'',NULL,'aa,bb,cc','0','0','0',0,'','2016-01-02 00:00:00','100',1),('C6954F82A9B7444D8B584C8FD85968E1','2016毕业设计',0,'',NULL,'aa,bb,cc','0','0','0',0,'','2016-01-02 00:00:00','105',1),('C6D76DC2DCEE4B0CBE4EB3E793D4E2D0','2016毕业设计',0,'',NULL,'aa,bb,cc','0','0','0',0,'','2016-01-02 00:00:00','104',1),('C72E9C2EC62540B0A2FDAE55C2B88FEA','2016毕业设计',0,'',NULL,'aa,bb,cc','0','0','0',0,'','2016-01-02 00:00:00','103',1),('C78D80D4D31E4AB6AA290A7ABF053F7B','2016毕业设计',0,'',NULL,'aa,bb,cc','0','0','0',0,'','2016-01-02 00:00:00','105',1),('C803EB671955453A9E7ADA44D5DF8B5E','2016毕业设计',0,'',NULL,'aa,bb,cc','0','0','0',0,'','2016-01-02 00:00:00','103',1),('C8D26B633D374B91BA050B4424A2017E','2016毕业设计',0,'',NULL,'aa,bb,cc','0','0','0',0,'','2016-01-02 00:00:00','100',1),('CD0A0E2DAB5E41FEA7B168790DAAC7BF','2016毕业设计',0,'',NULL,'aa,bb,cc','0','0','0',0,'','2016-01-02 00:00:00','103',1),('D0B3FA4757F74C2398FF5E1F2F2C772C','2016毕业设计',0,'',NULL,'aa,bb,cc','0','0','0',0,'','2016-01-02 00:00:00','104',1),('d13a3efe02244965aa1ee04825e63f2c','loser',0,'bbbbb','aaaaa','aa,bb,cc','10','10','10',0,NULL,NULL,'009AA00B89A1409F8E4D1B708F2F1BC8',1),('D22ED238AC944F8FBD58E3D0E54377CE','2016毕业设计',0,'',NULL,'aa,bb,cc','0','0','0',0,'','2016-01-02 00:00:00','105',1),('D3101B7FE57D47AF933CEC7EC3DE3B82','2016毕业设计',0,'',NULL,'aa,bb,cc','0','0','0',0,'','2016-01-02 00:00:00','101',1),('D389630D9841426DBD295BE82052E576','2016毕业设计',0,'',NULL,'aa,bb,cc','0','0','0',0,'','2016-01-02 00:00:00','104',1),('D6BA5167274742C7A8E124C77A827578','2016毕业设计',0,'',NULL,'aa,bb,cc','0','0','0',0,'','2016-01-02 00:00:00','104',1),('D70A6419DF114D1ABB8ED4068445BF59','2016毕业设计',0,'',NULL,'aa,bb,cc','0','0','0',0,'','2016-01-02 00:00:00','101',1),('D98FF08E9E614C23994E6790B44532D0','2016毕业设计',0,'',NULL,'aa,bb,cc','0','0','0',0,'','2016-01-02 00:00:00','101',1),('DB07103C86E9438496097B8B6374A13B','2016毕业设计',0,'',NULL,'aa,bb,cc','0','0','0',0,'','2016-01-02 00:00:00','101',1),('DC948CAD6F554010B91C93A9DDEBF47C','2016毕业设计',0,'',NULL,'aa,bb,cc','0','0','0',0,'','2016-01-02 00:00:00','100',1),('DEAA900CBA5E446AA749403EF413F84F','2016毕业设计',0,'',NULL,'aa,bb,cc','0','0','0',0,'','2016-01-02 00:00:00','101',1),('DF46B00C72C94557A52A3E243408F589','2016毕业设计',0,'',NULL,'aa,bb,cc','0','0','0',0,'','2016-01-02 00:00:00','103',1),('E02BB5CBB04245919020D651456B99E7','2016毕业设计',0,'',NULL,'aa,bb,cc','0','0','0',0,'','2016-01-02 00:00:00','101',1),('E392172CB6B24C3BA85BAB5602742F65','2016毕业设计',0,'',NULL,'aa,bb,cc','0','0','0',0,'','2016-01-02 00:00:00','102',1),('E5035DE3C1B44881855CF86067FA46EC','2016毕业设计',0,'',NULL,'aa,bb,cc','0','0','0',0,'','2016-01-02 00:00:00','105',1),('E517B8EEEAAF4FCEAD46F9FAC4FD8DED','2016毕业设计',0,'',NULL,'aa,bb,cc','0','0','0',0,'','2016-01-02 00:00:00','100',1),('E70FFD809AE6443185676AE80BE7EAC6','2016毕业设计',0,'',NULL,'aa,bb,cc','0','0','0',0,'','2016-01-02 00:00:00','102',1),('E826538E73D44002943B996B988436C1','2016毕业设计',0,'',NULL,'aa,bb,cc','0','0','0',0,'','2016-01-02 00:00:00','105',1),('E85CB990D06F47A097C787B6A67E369E','2016毕业设计',0,'',NULL,'aa,bb,cc','0','0','0',0,'','2016-01-02 00:00:00','105',1),('E9262C7440AB48F8909F66775DEBB949','2016毕业设计',0,'',NULL,'aa,bb,cc','0','0','0',0,'','2016-01-02 00:00:00','103',1),('E942EABED169481D9701776C1823974F','2016毕业设计',0,'',NULL,'aa,bb,cc','0','0','0',0,'','2016-01-02 00:00:00','100',1),('E9B7766ACDB3498E91B7FC019DE1CE20','2016毕业设计',0,'',NULL,'aa,bb,cc','0','0','0',0,'','2016-01-02 00:00:00','102',1),('EC6CCB9D4C4B410BB85E2517B74FA6F0','2016毕业设计',0,'',NULL,'aa,bb,cc','0','0','0',0,'','2016-01-02 00:00:00','101',1),('ED6C8B71144C42B9941CDE07D19301D8','2016毕业设计',0,'',NULL,'aa,bb,cc','0','0','0',0,'','2016-01-02 00:00:00','100',1),('ED87B349616844958EE168B955413CDD','2016毕业设计',0,'',NULL,'aa,bb,cc','0','0','0',0,'','2016-01-02 00:00:00','101',1),('EDEE2A6095824B3A98EE03AD2854DE02','2016毕业设计',0,'',NULL,'aa,bb,cc','0','0','0',0,'','2016-01-02 00:00:00','101',1),('EE93D037B2BC4C0EB3A2C5D8E917E6B8','2016毕业设计',0,'',NULL,'aa,bb,cc','0','0','0',0,'','2016-01-02 00:00:00','100',1),('EFF6B4A191314E9A8CD719ADC717E2A1','2016毕业设计',0,'',NULL,'aa,bb,cc','0','0','0',0,'','2016-01-02 00:00:00','101',1),('F09CB24346554FC7977CC01F1294FE0A','2016毕业设计',0,'',NULL,'aa,bb,cc','0','0','0',0,'','2016-01-02 00:00:00','104',1),('F26E860DB4D54647A81F932065DBBB8D','2016毕业设计',0,'',NULL,'aa,bb,cc','0','0','0',0,'','2016-01-02 00:00:00','100',1),('F388E2C1BC974DD5B0D1E5201C85EF86','2016毕业设计',0,'',NULL,'aa,bb,cc','0','0','0',0,'','2016-01-02 00:00:00','100',1),('F42F370D1F9A4894B8EBBF1C32DFA4BE','2016毕业设计',0,'',NULL,'aa,bb,cc','0','0','0',0,'','2016-01-02 00:00:00','101',1),('F4A1EA4826284F259A49905548164736','2016毕业设计',0,'',NULL,'aa,bb,cc','0','0','0',0,'','2016-01-02 00:00:00','102',1),('F4CDFE30C7FF462C921A61C99EB4BC36','2016毕业设计',0,'',NULL,'aa,bb,cc','0','0','0',0,'','2016-01-02 00:00:00','100',1),('F609CDECC17B4C3A9C0F2AAC93FBFD22','2016毕业设计',0,'',NULL,'aa,bb,cc','0','0','0',0,'','2016-01-02 00:00:00','100',1),('F6A381EA7E314F07B5E4B3354BFC60E1','2016毕业设计',0,'',NULL,'aa,bb,cc','0','0','0',0,'','2016-01-02 00:00:00','103',1),('F70DA6BE309A41C2AB5D80D4757466E0','2016毕业设计',0,'',NULL,'aa,bb,cc','0','0','0',0,'','2016-01-02 00:00:00','103',1),('F8E7F543D58F45858FC7FBA44E3E10AE','2016毕业设计',0,'',NULL,'aa,bb,cc','0','0','0',0,'','2016-01-02 00:00:00','100',1),('FB13089968D446AC90C02E45316D0138','2016毕业设计',0,'',NULL,'aa,bb,cc','0','0','0',0,'','2016-01-02 00:00:00','104',1),('FC341068499E4FA685F970C495586C51','2016毕业设计',0,'',NULL,'aa,bb,cc','0','0','0',0,'','2016-01-02 00:00:00','100',1);
/*!40000 ALTER TABLE `design` ENABLE KEYS */;
UNLOCK TABLES;

--
-- Table structure for table `design_file`
--

DROP TABLE IF EXISTS `design_file`;
/*!40101 SET @saved_cs_client     = @@character_set_client */;
/*!40101 SET character_set_client = utf8 */;
CREATE TABLE `design_file` (
  `id` int(11) NOT NULL AUTO_INCREMENT,
  `file_type` int(11) NOT NULL,
  `design_id` char(32) NOT NULL,
  `uri` varchar(255) DEFAULT NULL,
  PRIMARY KEY (`id`),
  KEY `dp_design_id_fk` (`design_id`),
  CONSTRAINT `dp_design_id_fk` FOREIGN KEY (`design_id`) REFERENCES `design` (`id`)
) ENGINE=InnoDB AUTO_INCREMENT=49 DEFAULT CHARSET=utf8;
/*!40101 SET character_set_client = @saved_cs_client */;

--
-- Dumping data for table `design_file`
--

LOCK TABLES `design_file` WRITE;
/*!40000 ALTER TABLE `design_file` DISABLE KEYS */;
INSERT INTO `design_file` VALUES (25,2,'d13a3efe02244965aa1ee04825e63f2c','aaaaa'),(26,4,'d13a3efe02244965aa1ee04825e63f2c','bbbbb'),(27,6,'d13a3efe02244965aa1ee04825e63f2c','ccccc'),(28,2,'a84be232b67c455e9c151dc565ea398c','aaaaa'),(29,4,'a84be232b67c455e9c151dc565ea398c','bbbbb'),(40,2,'046E4F7B48BB400CA91539AB52F9CC34','aaaaa'),(41,4,'046E4F7B48BB400CA91539AB52F9CC34','bbbbb'),(42,6,'046E4F7B48BB400CA91539AB52F9CC34','ccccc'),(43,2,'046E4F7B48BB400CA91539AB52F9CC34','aaaaa'),(44,4,'046E4F7B48BB400CA91539AB52F9CC34','bbbbb'),(45,6,'046E4F7B48BB400CA91539AB52F9CC34','ccccc'),(46,2,'046E4F7B48BB400CA91539AB52F9CC34','aaaaa'),(47,4,'046E4F7B48BB400CA91539AB52F9CC34','bbbbb'),(48,6,'046E4F7B48BB400CA91539AB52F9CC34','ccccc');
/*!40000 ALTER TABLE `design_file` ENABLE KEYS */;
UNLOCK TABLES;

--
-- Table structure for table `design_project`
--

DROP TABLE IF EXISTS `design_project`;
/*!40101 SET @saved_cs_client     = @@character_set_client */;
/*!40101 SET character_set_client = utf8 */;
CREATE TABLE `design_project` (
  `id` int(11) NOT NULL AUTO_INCREMENT,
  `type` char(32) DEFAULT NULL,
  `project_name` char(32) DEFAULT NULL,
  `display` tinyint(1) NOT NULL DEFAULT '0',
  PRIMARY KEY (`id`),
  KEY `title` (`type`),
  KEY `intro` (`project_name`)
) ENGINE=InnoDB AUTO_INCREMENT=3 DEFAULT CHARSET=utf8;
/*!40101 SET character_set_client = @saved_cs_client */;

--
-- Dumping data for table `design_project`
--

LOCK TABLES `design_project` WRITE;
/*!40000 ALTER TABLE `design_project` DISABLE KEYS */;
INSERT INTO `design_project` VALUES (1,'毕业设计','2016年毕业设计',1),(2,'毕业设计','2017毕业设计',2);
/*!40000 ALTER TABLE `design_project` ENABLE KEYS */;
UNLOCK TABLES;

--
-- Table structure for table `personal_experience`
--

DROP TABLE IF EXISTS `personal_experience`;
/*!40101 SET @saved_cs_client     = @@character_set_client */;
/*!40101 SET character_set_client = utf8 */;
CREATE TABLE `personal_experience` (
  `project_name` varchar(50) DEFAULT NULL,
  `id` bigint(20) NOT NULL AUTO_INCREMENT,
  `start_date` datetime DEFAULT NULL,
  `end_date` datetime DEFAULT NULL,
  `project_desc` varchar(255) DEFAULT NULL,
  `user_id` char(32) DEFAULT NULL,
  PRIMARY KEY (`id`)
) ENGINE=InnoDB AUTO_INCREMENT=2 DEFAULT CHARSET=utf8;
/*!40101 SET character_set_client = @saved_cs_client */;

--
-- Dumping data for table `personal_experience`
--

LOCK TABLES `personal_experience` WRITE;
/*!40000 ALTER TABLE `personal_experience` DISABLE KEYS */;
INSERT INTO `personal_experience` VALUES ('工时系统',1,'2017-04-05 22:17:55','2017-04-13 22:17:59','承担后台开发工作','009AA00B89A1409F8E4D1B708F2F1BC8');
/*!40000 ALTER TABLE `personal_experience` ENABLE KEYS */;
UNLOCK TABLES;

--
-- Table structure for table `student`
--

DROP TABLE IF EXISTS `student`;
/*!40101 SET @saved_cs_client     = @@character_set_client */;
/*!40101 SET character_set_client = utf8 */;
CREATE TABLE `student` (
  `id` char(32) NOT NULL,
  `icon` varchar(255) NOT NULL DEFAULT 'default',
  `realname` varchar(255) NOT NULL,
  `sno` varchar(255) NOT NULL,
  `department_id` int(11) NOT NULL,
  `tel` varchar(255) DEFAULT NULL,
  `email` varchar(255) DEFAULT NULL,
  `graduation` int(11) NOT NULL DEFAULT '2016',
  `status` int(11) NOT NULL DEFAULT '-2',
  PRIMARY KEY (`id`),
  KEY `s_department_id_fk` (`department_id`),
  CONSTRAINT `s_id_fk` FOREIGN KEY (`id`) REFERENCES `user` (`id`)
) ENGINE=InnoDB DEFAULT CHARSET=utf8;
/*!40101 SET character_set_client = @saved_cs_client */;

--
-- Dumping data for table `student`
--

LOCK TABLES `student` WRITE;
/*!40000 ALTER TABLE `student` DISABLE KEYS */;
INSERT INTO `student` VALUES ('009AA00B89A1409F8E4D1B708F2F1BC8','default','肖睿','201230891448',104,NULL,NULL,2016,-2),('03546C3B5DD6463A90A454CA3358F765','default','申雯洁','201230891226',103,NULL,NULL,2016,-2),('04EFDE2E242A48A7B85E857F5D610011','default','杨晋','201230030434',100,NULL,NULL,2016,-2),('05009AC2EE9A43009423F8BCF1DC7194','default','谢奇','201230030410',100,NULL,NULL,2016,-2),('05D8B206D55D480C8209CE9CAD17AEAB','default','杨晓盼','201230892025',105,NULL,NULL,2016,-2),('0646DCA13AF24675B1177D7F70282FE7','default','卢晓强','201230030328',100,NULL,NULL,2016,-2),('067B12A6A9E9417AAECD77F8E339AE8E','default','曾婷','201230892117',105,NULL,NULL,2016,-2),('0688CE2B18674F5CA6B1A5CA182C07CA','default','李瑞恒','201230030250',100,NULL,NULL,2016,-2),('08EBC8A364634EB592D2ABF7D64C0489','default','林志豪','201230891059',104,NULL,NULL,2016,-2),('0960782C353E43D49696304F67E654B8','default','柴佳辰','201230890052',101,NULL,NULL,2016,-2),('0A89A424A5E64063B1FB2EC016F360E2','default','黄蔚','201230890397',103,NULL,NULL,2016,-2),('0D29368D9AD247CE8A75E3E876670B51','default','赵伊涵','201236031077',100,NULL,NULL,2016,-2),('0F130BAE8D20417FAB247CAEFAEBA412','default','李志雄','201230890496',104,NULL,NULL,2016,-2),('0FF6EB19F01446D5BA9A2DDA4A173EC2','default','莫露佳','201230891196',103,NULL,NULL,2016,-2),('1067F748E3ED412E9F7CBCC76D9922FB','default','陈琪欣','201230030052',100,NULL,NULL,2016,-2),('10B6931A0226442C8B2B408BBCDF35C0','default','黎月','201230030236',100,NULL,NULL,2016,-2),('1342CD73C372416C84146A946EEF6CF9','default','张喆','201230892124',102,NULL,NULL,2016,-2),('142D80FDCA604AE9BBE635AFD1B93889','default','张嘉琪','201230892148',105,NULL,NULL,2016,-2),('14F819C4094A48408B274747000B06B0','default','王广鹏','201230891295',101,NULL,NULL,2016,-2),('1710AE5E3C9C4E49A7A5168D14303FE3','default','吴欢雪','201230891400',101,NULL,NULL,2016,-2),('18848217FF494DA3AEE76C66CCE8B484','default','王晔','201230891394',104,NULL,NULL,2016,-2),('189DBC93391749A788C745E39A55EF40','default','栾玥','201230892315',105,NULL,NULL,2016,-2),('19986E5F203F461482EC66C9F97CA35C','default','胡玥','201230890342',101,NULL,NULL,2016,-2),('1AF5C189B6B94B5F91E398AACC1C3347','default','郑潇童','201230892223',103,NULL,NULL,2016,-2),('1CC0D3C322CA4A139EE6B129A0FEA9FB','default','卢炜强','201230030335',100,NULL,NULL,2016,-2),('1E56B630B4EE4E07AC71B292C0F4D636','default','黄庆惠','201230890373',101,NULL,NULL,2016,-2),('212280A37E444963956B545B10451875','default','曾善俊','201230031011',100,NULL,NULL,2016,-2),('215A8C142A4C40FC999DBBF0CDD8B2F2','default','郑凯发','201230892216',101,NULL,NULL,2016,-2),('22ADAA6415A744518F1AFC999CEF6156','default','宋功博','201230891257',104,NULL,NULL,2016,-2),('22DB8B7EEF0A441BA48F14C27B85F327','default','陈绮明','201230030045',100,NULL,NULL,2016,-2),('2383F26696EC457EB2D294CA64DF6656','default','廖丽娜','201230891042',101,NULL,NULL,2016,-2),('24CF5F4AE85949659C3F6D740B1126CB','default','余杰明','201237030499',100,NULL,NULL,2016,-2),('266C2405B88F4475B1EDD767E9B0726B','default','邓子扬','201230890168',101,NULL,NULL,2016,-2),('2686FE16E55844AFA1FBD4D23D774AA7','default','李东明','201230890441',104,NULL,NULL,2016,-2),('2785D1965FEA49EC845EFD02E4D09D3E','default','王子琦','201230891387',105,NULL,NULL,2016,-2),('27BDB3FDCD994F908AE66FB83A216EE6','default','肖健','201230891431',103,NULL,NULL,2016,-2),('28300D644ED44748BC4EA7EC2E74E4D2','default','赵治','201230892193',102,NULL,NULL,2016,-2),('2CEB4A0BBDF54F849FDBE3AE93ED7E82','default','曾伟雄','201230031028',100,NULL,NULL,2016,-2),('2EA4935BF80F428F90E15F794A1C9A1F','default','周菁','201230892261',103,NULL,NULL,2016,-2),('2F7B051F9225492B9C71326EE97C13E3','default','许平辉','201230030458',100,NULL,NULL,2016,-2),('2FF89CF4AA9F4644B3569E0300B5DC39','default','吴闻韵洁','201230891417',105,NULL,NULL,2016,-2),('33C97DDED3A74DE09308D90545C2630E','default','韩浩男','201230890274',103,NULL,NULL,2016,-2),('33E6F090E8C8456EBF126902A7DFD0E9','default','罗微','201230030359',100,NULL,NULL,2016,-2),('358FEEC5A8B24CA1A750179E2CCF0302','default','栾志鹏','201230892322',101,NULL,NULL,2016,-2),('38DCC4029CC84D8FAA93DED7990AE23B','default','郭伟','201230030083',100,NULL,NULL,2016,-2),('3A4FD37E93554AEB95447B8F141C2FFF','default','刘坚','201230891073',102,NULL,NULL,2016,-2),('3B60D53A7310414CA52D04D25A989153','default','蔡海珊','201230890014',104,NULL,NULL,2016,-2),('3BC13BDBD1524BE29260A20126609D8D','default','揣颖','201136750092',100,NULL,NULL,2016,-2),('3E28F8734A134CA18221EB8F63CA3EB8','default','陈阳焱','201230030038',100,NULL,NULL,2016,-2),('3ED9B0142358476CBE31DD08D12E3A13','default','林志恒','201230030281',100,NULL,NULL,2016,-2),('3FC4E8E2A9684E24B957C26FE3755661','default','丁菁','201230890199',103,NULL,NULL,2016,-2),('40FA77518AB64654A71AC0C191C78A2C','default','郭学峰','201230030090',100,NULL,NULL,2016,-2),('417F9468E44349788E80988B9C520205','default','蒋英子','201230890410',103,NULL,NULL,2016,-2),('43A32AA58E4D4FF2975901A9BF091B82','default','梁炯恩','201230891028',101,NULL,NULL,2016,-2),('43E00153DAC7473EAA67863EB70BD97E','default','陈遂玲','201230890083',104,NULL,NULL,2016,-2),('4619DAA4E5AF4E499CCA93DE98DB2AB9','default','何玉龙','201030860286',105,NULL,NULL,2016,-2),('48F204E2BC2A404FB731425B8A632490','default','王泽慧','201230891370',101,NULL,NULL,2016,-2),('4918129E8A944C749C1BBD918B36B8E4','default','张敏纳','201230031059',100,NULL,NULL,2016,-2),('4AD1A948BE684D98A755465E57D9BAC8','default','李文青','201230890472',105,NULL,NULL,2016,-2),('4D83F47E2364467A92D6AEA0978CFE1E','default','叶慧怡','201230892056',105,NULL,NULL,2016,-2),('4E716161F04E4431AFD67123E40D18C9','default','陈章茂','201230890120',104,NULL,NULL,2016,-2),('4F95B14290824E7F843A8D1AA41ED57D','default','凌张炎','201230030298',100,NULL,NULL,2016,-2),('4FC8D851B66C46D397674BC067B825C1','default','王玥','201230891288',104,NULL,NULL,2016,-2),('501b54c3855946839e9f3d70f2685aac','default','tanweifeng','201430551340',100,NULL,NULL,2016,-2),('5425CBF5D74D49688F8C38EE201BB2E6','default','陈健怡','201230890076',102,NULL,NULL,2016,-2),('56D07F7EC0744301914C770F2CA66E40','default','李绮静','201230890502',102,NULL,NULL,2016,-2),('5835A3E9B950468F858A45ABC2AB4AB9','default','万诗颖','201230891271',101,NULL,NULL,2016,-2),('58CE7123504C4655B61B9F30EADE9BFA','default','何佰帆','201230890304',101,NULL,NULL,2016,-2),('5B8C5D95AACB481E9D2A0F52E601733B','default','徐绮','201230891493',103,NULL,NULL,2016,-2),('5C3805A9AB34481DAFF78287C6D0CAAB','default','蔡圣嵘','201230890038',105,NULL,NULL,2016,-2),('5D8249B0BD254000983640666315B428','default','李津','201230890458',102,NULL,NULL,2016,-2),('5DDC5BA65DE24447A269FA7F93E5658A','default','陈莹','201230890113',101,NULL,NULL,2016,-2),('5E0C602B3F7444C88908D1A095186091','default','喻荍怡','201130031043',100,NULL,NULL,2016,-2),('5f19151b2c094bf08f1986a1b84ef50d','default','ljj','201430550252',0,NULL,NULL,0,-2),('5FC1FA4ECC414485B1DDDB48D30F598B','default','曹青','201230890045',105,NULL,NULL,2016,-2),('6044C811B410455FB89D27613CFDA710','default','黄凯炜','201230890366',103,NULL,NULL,2016,-2),('61E3DB4F59BC4E1A91F52BEA233F89D2','default','刘扬','201230891127',103,NULL,NULL,2016,-2),('640BD73E77B34991A82C16DA61235F28','default','段毅汶','201230890229',104,NULL,NULL,2016,-2),('653F6DFE18454C55A1895C4542FDA6C5','default','欧阳霄汉','201230891202',104,NULL,NULL,2016,-2),('68CB6EB168D04EA4B7F26718950DE7D3','default','徐婧','201230030441',100,NULL,NULL,2016,-2),('6A7CECF9619B4861A998859E0A8D956A','default','胡月','201230030137',100,NULL,NULL,2016,-2),('6A978E89B36C403BB82B094CFAF78B56','default','陈谢炜','201230890106',103,NULL,NULL,2016,-2),('6BA1281356F4458C9F9CBDB4AEEC91C7','default','杨远炎','201230892049',102,NULL,NULL,2016,-2),('6C0CB29713CC4814A1CA1FEFE1071223','default','于靖韵','201230892070',101,NULL,NULL,2016,-2),('6CBBFB8A3B3741B6B9DD4C625B4C1439','default','卢智妍','201230891158',101,NULL,NULL,2016,-2),('6E46DAB517BB4F75B0E4E0DA21ECD5EA','default','罗伟昱','201230891165',102,NULL,NULL,2016,-2),('6E7EB1CB18B4425B8AAE4EFBB1DBED47','default','易裕深','201230892063',103,NULL,NULL,2016,-2),('6EFCE090C2684FE7A709AC1438EBFDC2','default','丁炀益','201230890205',102,NULL,NULL,2016,-2),('6FEB7A8A673B4826A6A62820155EA4EB','default','杨菲','201230030465',100,NULL,NULL,2016,-2),('74B3AB241D9B45CCB6CF6CA48A365324','default','姜凯程','201230030199',100,NULL,NULL,2016,-2),('76F612AC36744EC7BB8C8A6593BD5CEF','default','何嘉慧','201230890311',102,NULL,NULL,2016,-2),('7A067CA9BA684221BD44D2D18E2D25EA','default','黎法鹏','201230030229',100,NULL,NULL,2016,-2),('7B4ABECFBDBE419F8500A482C085811A','default','叶春韵','201230030489',100,NULL,NULL,2016,-2),('7BA3A3BA7E96415787AC7CA4641C3B57','default','曾瑶儿','201230892100',105,NULL,NULL,2016,-2),('7DC36367CEF74660967FAD772015010B','default','丘晓宁','201230891219',101,NULL,NULL,2016,-2),('7FAD75043F6842E185070976F69DF8ED','default','吴堉楠','201230030380',100,NULL,NULL,2016,-2),('8120FCA35D5140BDA2F6FFFE133E03CE','default','姜婷','201230890403',105,NULL,NULL,2016,-2),('830A0F7302CC4E90AD60A1AB7D96E47B','default','韩欣颐','201230890281',104,NULL,NULL,2016,-2),('8352752F228641DFB613054790AEB47D','default','黄诗浩','201230030168',100,NULL,NULL,2016,-2),('860CE69168494E5EA77E224F7D90BD31','default','李琳','201230890465',102,NULL,NULL,2016,-2),('88BEA2221B1E4595B50499BF1F4725AE','default','张鑫','201230892186',102,NULL,NULL,2016,-2),('8901042F7844406E8CCB1A8003764EDB','default','邓自当','201230890175',102,NULL,NULL,2016,-2),('89249A884283479C9330ED16F506CA54','default','刘子瑗','201230891141',104,NULL,NULL,2016,-2),('897FEAAC431F430080E797406C0ED5A0','default','黄腾驹','201230890380',104,NULL,NULL,2016,-2),('8A6AFDECA210460C87265BAC3AE8689F','default','徐佳铭','201230891486',103,NULL,NULL,2016,-2),('8A783F9DB30949D3A0B6D10CCB2D0E97','default','林伟航','201230030274',100,NULL,NULL,2016,-2),('8B918F6107F54C00B9753BAB8C2AB240','default','王海飞','201230891301',105,NULL,NULL,2016,-2),('8D3A7008986C4D4CBAA658CBF8D4F1F9','default','莫小慧','201230030366',100,NULL,NULL,2016,-2),('8EDA5785C496462D95DFAC44496A2C0C','default','李冠文','201230030243',100,NULL,NULL,2016,-2),('8F8892AAF3DB4F0AAF2A9B4660707D00','default','高鑫美','201230890267',105,NULL,NULL,2016,-2),('900B2C1092C546A8B3523FD4713F2579','default','刘宇','201230891134',104,NULL,NULL,2016,-2),('91E27B5FBE78481F903398D2D998378D','default','刘世全','201130821088',105,NULL,NULL,2016,-2),('96504C1E77764511B23CDE886812E7C6','default','唐希','201230891264',103,NULL,NULL,2016,-2),('9689104CED4B41AA91E674F13669E7A9','default','俞建慧','201230030502',100,NULL,NULL,2016,-2),('96960B07F4F64E408601F131DA95E339','default','洪叶','201230890335',105,NULL,NULL,2016,-2),('9948B3DC68CD4FAC80F421EC1E1825E4','default','廖黎','201230891035',101,NULL,NULL,2016,-2),('9B443D4535D5493DBB9E9FC73856F391','default','冯英迪','201230890243',105,NULL,NULL,2016,-2),('9C3B00C3988B421582723245E53CA2C8','default','杨铭','201230891509',104,NULL,NULL,2016,-2),('9CBD4A764E094EB7A41F32E531B57E32','default','钟伟健','201230892230',103,NULL,NULL,2016,-2),('9DF2C1C736C04F5F8FBC54629867F2D2','default','柯颖','201230890434',104,NULL,NULL,2016,-2),('9E2C840D3CA54DF7A491C694E3B0E906','default','张姮','201230892131',104,NULL,NULL,2016,-2),('A035C3B7105943598036879004805BC3','default','王景','201230891318',104,NULL,NULL,2016,-2),('A1799E38A686425ABAC036C23F29E2C6','default','杨浩伟','201230030472',100,NULL,NULL,2016,-2),('A27494ADE10645BAAF740D23A207481E','default','张毅','201230892179',102,NULL,NULL,2016,-2),('A3D753D34A05427E95DF87FFA0FA2862','default','徐嘉慧','201230891462',105,NULL,NULL,2016,-2),('A4A58F43B2FA4A819B2824DD109DC130','default','陈婷','201230890144',105,NULL,NULL,2016,-2),('A50DD8E6B8AC47C787629FD8767C09B3','default','朱志健','201230892278',101,NULL,NULL,2016,-2),('A6A34B5D67204155883393036C8F4A33','default','周绮扬','201230031080',100,NULL,NULL,2016,-2),('ACFAB2F240CE4804AE56AA682709F40E','default','高雅君','201230030076',100,NULL,NULL,2016,-2),('AF0A82AA4CAC4AC08A4D1F00333D023A','default','王坤','201230891332',101,NULL,NULL,2016,-2),('B0A1F57FE4DB4E19AFB68A9918EA5F53','default','杨文君','201230892018',102,NULL,NULL,2016,-2),('B0D63D0C84824B119F05236C5AB0D2CF','default','王捷','201230030373',100,NULL,NULL,2016,-2),('B136EAC3B84649AAA1FAEC38E8395E8D','default','刘梦婷','201230891080',101,NULL,NULL,2016,-2),('B189BCC32E4E4FC09E5697F1A6659B48','default','金安运','201230890427',105,NULL,NULL,2016,-2),('B25886DBBA2D4A2F8873724463C86603','default','金姗姗','201230030205',100,NULL,NULL,2016,-2),('B27FD644C4454F76ADB4E0DDACD0C11A','default','胡月','201230890359',105,NULL,NULL,2016,-2),('B493E8BB232B49B8B82829EC538A10B9','default','张子亦','201230031066',100,NULL,NULL,2016,-2),('B5ABAD5502DD4172BF7971DDF9CE5C1E','default','王尚轩','201230891356',103,NULL,NULL,2016,-2),('B5FD3D9A11CA410396035D3B978A91AF','default','马茂钦','201230891172',104,NULL,NULL,2016,-2),('B6A3DAC7A4D64C5C948566AB412EE7C2','default','杨因','201230892032',102,NULL,NULL,2016,-2),('B87250F916014FA99BD99138AEBC993E','default','刘欣','201230891103',102,NULL,NULL,2016,-2),('B8A2C7D37BD44D509B2C6D4D403D9B2F','default','韩沁','201230030113',100,NULL,NULL,2016,-2),('B8B8877C8ABF432A8FD9734B64CE384E','default','梁好为','201230891011',101,NULL,NULL,2016,-2),('ba8e909364f34659bc3b4c907aac5ac1','default','twf','201430551340',0,NULL,NULL,0,-2),('BB6A79D2DD194EB981AED13300082F7A','default','郭倩敏','201230030106',100,NULL,NULL,2016,-2),('BC27E18A61EC46278C9CADFF2AC55DA9','default','张晋华','201230892155',104,NULL,NULL,2016,-2),('BE3D358D67554098B6EBBA034C6434BE','default','余超星','201230892087',103,NULL,NULL,2016,-2),('BE959CFDCE114ED08204B7AFC223F488','default','谢知范','201230891455',105,NULL,NULL,2016,-2),('BFC29AF266974176B20A508DA910C95D','default','陈伍杨','201230890090',105,NULL,NULL,2016,-2),('C0EA840080E34C2E89BD8C82EDC8AF78','default','刘牧雨','201230891097',102,NULL,NULL,2016,-2),('C1D233218B404B528ECD6B783790BF04','default','陈浩鑫','201230890069',105,NULL,NULL,2016,-2),('C1F107BA76D34F7AB56D3BC375696812','default','黄政斌','201230030182',100,NULL,NULL,2016,-2),('C351FF4EC41D4711A5F1ADFE0B7A6AA8','default','邹洪朋','201230892285',104,NULL,NULL,2016,-2),('C4562A29571141CB937A0CD957653B21','default','夏泽桐','201230030403',100,NULL,NULL,2016,-2),('CC4766C88CD14DD5835D2705F443557E','default','杜霞','201230890212',103,NULL,NULL,2016,-2),('CE4DFCEC4DE2410F8319C9665830AF51','default','吴小为','201230891424',105,NULL,NULL,2016,-2),('CFA3D65AF1A54BE99B8D7D4ABF7B317A','default','赖颖怡','201230030212',100,NULL,NULL,2016,-2),('CFAE7D5565F748D2B8D8A7E4C993EF61','default','谢仁可','201230030427',100,NULL,NULL,2016,-2),('D09D817B53D14F8B8C333B6D30FAFFB6','default','曾可','201230892094',102,NULL,NULL,2016,-2),('D0EA37ABB3DA4339B180F195D3BF3F17','default','黄桂森','201230030144',100,NULL,NULL,2016,-2),('D203A91E203045A6816C37E3C56C159F','default','王俊彦','201230891325',105,NULL,NULL,2016,-2),('D44FD8E3ECA54C30AA89B0D9FAAD5B40','default','刘津','201230030304',100,NULL,NULL,2016,-2),('D67A909EFE534DDE877FEEDE43471262','default','张瑞','201230892162',101,NULL,NULL,2016,-2),('D8C95360ED3F4DAA8DB4EDFF744C6D31','default','缪媛媛','201230892308',103,NULL,NULL,2016,-2),('DB75518C70574C428B36C2416E5D10E6','default','李雪晴','201230890489',105,NULL,NULL,2016,-2),('DC85B3C32BF94AE9BCBF2ABB21C907F9','default','缪菲菲','201230031097',100,NULL,NULL,2016,-2),('DCBA95D893254D71BBD6E8995410E053','default','陈紫媚','201230890137',104,NULL,NULL,2016,-2),('DDA8D56AED10426F8E70B9DA0B95B5EB','default','周胤龙','201230892254',102,NULL,NULL,2016,-2),('DF6F9606814041709BE5A350D0D28B15','default','郝娟娟','201230890298',104,NULL,NULL,2016,-2),('E04F8C87896F47F68504B3FF1CC08924','default','马昀翔','201230891189',103,NULL,NULL,2016,-2),('E142F83849E8401B816F0071155FDA7B','default','郑彩琴','201230892209',102,NULL,NULL,2016,-2),('E216A18623F2440CB0A5A37910F695E2','default','王铭','201230891349',103,NULL,NULL,2016,-2),('E2F6C937F8154BB29083D84F11265E10','default','范衡章','201230890236',101,NULL,NULL,2016,-2),('E31EB8E32D2842D4AC6C0BDECFC7A497','default','何家鹏','201230890328',101,NULL,NULL,2016,-2),('E4B9386135114D9FA7696FA44C027020','default','蔡兼','201230890021',102,NULL,NULL,2016,-2),('E51AA663F5EF4C9FA399672B9AD61A31','default','刘靖彬','201230030311',100,NULL,NULL,2016,-2),('E61A8671CBF94C75BD08122E042FD148','default','戴嘉','201230890151',103,NULL,NULL,2016,-2),('E73C75E9AFF14EC982A4F32E882899A2','default','丁柳清','201230890182',103,NULL,NULL,2016,-2),('E89FD1C380D54C0F87ED4702B1337015','default','吕国伟','201230030342',100,NULL,NULL,2016,-2),('E8B1C1D1F86349EC86BE6A678DDCA353','default','徐嘉璐','201230891479',103,NULL,NULL,2016,-2),('EA44213E3EEB4432A493BCDCE4A51A26','default','陈少丹','201230030014',100,NULL,NULL,2016,-2),('EABB22C7F22D4439A287BA50B8F3589C','default','吴紫珊','201230030397',100,NULL,NULL,2016,-2),('EAC1B34DBDD643BA8D3995E805A2B615','default','刘雄','201230891110',105,NULL,NULL,2016,-2),('EED9EEDE18EE4776AD31BC6117F38D4A','default','王甜','201230891363',103,NULL,NULL,2016,-2),('F010FB9849E046A1BDC347E62753C553','default','沈天奇','201230891233',102,NULL,NULL,2016,-2),('F2C0F616ADB64AD78D4C87D8E4B0932B','default','梁泳仪','201230030267',100,NULL,NULL,2016,-2),('F39DB9E9C722456DB54E789198E5BC8E','default','高翠','201230890250',102,NULL,NULL,2016,-2),('F614B43C8128401AB9E3B17E814234A6','default','何广浩','201230030120',100,NULL,NULL,2016,-2),('F64A4B040B164A5CA40BDE0A75DB22A3','default','闫钰倩','201230892292',104,NULL,NULL,2016,-2),('F6D859DC69D1445E84A7ED5D365D15DA','default','盛佳倩','201230891240',101,NULL,NULL,2016,-2),('F80EFB1518004E0A9D6420B88FB3C7EE','default','陈香棋','201230030021',100,NULL,NULL,2016,-2),('FB56955915B64AD18B6C54D793756FF4','default','黄彦斐','201237030178',100,NULL,NULL,2016,-2),('FBA4F63C69CD4804BCF6CCD6BD83A68D','default','曾希翎','201230031035',100,NULL,NULL,2016,-2);
/*!40000 ALTER TABLE `student` ENABLE KEYS */;
UNLOCK TABLES;

--
-- Table structure for table `student_design_map`
--

DROP TABLE IF EXISTS `student_design_map`;
/*!40101 SET @saved_cs_client     = @@character_set_client */;
/*!40101 SET character_set_client = utf8 */;
CREATE TABLE `student_design_map` (
  `id` int(11) NOT NULL AUTO_INCREMENT,
  `student_id` char(32) NOT NULL,
  `design_id` char(32) NOT NULL,
  PRIMARY KEY (`id`),
  KEY `sdm_student_id_fk` (`student_id`),
  KEY `sdm_design_id_fk` (`design_id`),
  CONSTRAINT `sdm_design_id_fk` FOREIGN KEY (`design_id`) REFERENCES `design` (`id`),
  CONSTRAINT `sdm_student_id_fk` FOREIGN KEY (`student_id`) REFERENCES `student` (`id`)
) ENGINE=InnoDB AUTO_INCREMENT=225 DEFAULT CHARSET=utf8;
/*!40101 SET character_set_client = @saved_cs_client */;

--
-- Dumping data for table `student_design_map`
--

LOCK TABLES `student_design_map` WRITE;
/*!40000 ALTER TABLE `student_design_map` DISABLE KEYS */;
INSERT INTO `student_design_map` VALUES (4,'5835A3E9B950468F858A45ABC2AB4AB9','B2E07E82C47246C5813C1DEB387CB004'),(9,'266C2405B88F4475B1EDD767E9B0726B','5951A174DC2C4C6F9162449FCBC84725'),(10,'43A32AA58E4D4FF2975901A9BF091B82','D70A6419DF114D1ABB8ED4068445BF59'),(11,'358FEEC5A8B24CA1A750179E2CCF0302','2930E54B64D0439EB802C0F387B59504'),(12,'5DDC5BA65DE24447A269FA7F93E5658A','017DEEF65B6749A9AE34C68F938070CE'),(13,'58CE7123504C4655B61B9F30EADE9BFA','35C5BA6F0B1340B495F850744A61640A'),(14,'F6D859DC69D1445E84A7ED5D365D15DA','EDEE2A6095824B3A98EE03AD2854DE02'),(15,'14F819C4094A48408B274747000B06B0','505B629584994BE5B9CF9A1FF5893531'),(16,'6C0CB29713CC4814A1CA1FEFE1071223','DB07103C86E9438496097B8B6374A13B'),(17,'A50DD8E6B8AC47C787629FD8767C09B3','0F8BD5826F2C4CD19A2FC72ADB335364'),(18,'E31EB8E32D2842D4AC6C0BDECFC7A497','EFF6B4A191314E9A8CD719ADC717E2A1'),(19,'B8B8877C8ABF432A8FD9734B64CE384E','D98FF08E9E614C23994E6790B44532D0'),(20,'AF0A82AA4CAC4AC08A4D1F00333D023A','F42F370D1F9A4894B8EBBF1C32DFA4BE'),(21,'215A8C142A4C40FC999DBBF0CDD8B2F2','E02BB5CBB04245919020D651456B99E7'),(22,'0960782C353E43D49696304F67E654B8','DEAA900CBA5E446AA749403EF413F84F'),(23,'E2F6C937F8154BB29083D84F11265E10','6AD8F52CE0D942C4B5F2216523AD960A'),(24,'B136EAC3B84649AAA1FAEC38E8395E8D','EC6CCB9D4C4B410BB85E2517B74FA6F0'),(25,'19986E5F203F461482EC66C9F97CA35C','9A3DDE95596E4EF9BD2808981D8CE540'),(26,'9948B3DC68CD4FAC80F421EC1E1825E4','47FE3322707547E99AB978896E7B65CC'),(27,'2383F26696EC457EB2D294CA64DF6656','15D8727487664E28A657846FCCA5556A'),(28,'6CBBFB8A3B3741B6B9DD4C625B4C1439','4BB6A2A0D25949BAA5A301A2D8C9A76A'),(29,'D67A909EFE534DDE877FEEDE43471262','4EE83D6F08B347BAA3EADFC4259E561F'),(30,'6A978E89B36C403BB82B094CFAF78B56','72D4EB4202614E2BAA89C194080B948C'),(31,'61E3DB4F59BC4E1A91F52BEA233F89D2','2CC7144FE1214A878D5FC404273F578F'),(32,'E04F8C87896F47F68504B3FF1CC08924','F70DA6BE309A41C2AB5D80D4757466E0'),(33,'E8B1C1D1F86349EC86BE6A678DDCA353','62C3DDDCB84F44E59C63268C8BBE1D0D'),(34,'5B8C5D95AACB481E9D2A0F52E601733B','F6A381EA7E314F07B5E4B3354BFC60E1'),(35,'BE3D358D67554098B6EBBA034C6434BE','B6D0C024D9FB4AFB862ED6B0B3E27276'),(36,'6044C811B410455FB89D27613CFDA710','B33D168094EE4A03AB4FADD0826BFD7B'),(37,'0A89A424A5E64063B1FB2EC016F360E2','C72E9C2EC62540B0A2FDAE55C2B88FEA'),(38,'417F9468E44349788E80988B9C520205','3CFCCED144864D609F99856221A2A39E'),(39,'EED9EEDE18EE4776AD31BC6117F38D4A','09F54C78FC0A48E4AC9706BBCB0E7D80'),(40,'6E7EB1CB18B4425B8AAE4EFBB1DBED47','6D2A379ADC0940B0A4D3EE950FB49A36'),(41,'1AF5C189B6B94B5F91E398AACC1C3347','87A37412C4874B709AA6D98D48E398C7'),(42,'3FC4E8E2A9684E24B957C26FE3755661','0F40E40D6822492C8153FA5DBBF557D0'),(43,'27BDB3FDCD994F908AE66FB83A216EE6','A86C8A252C504BB5A706C0B3A2E323D6'),(44,'D8C95360ED3F4DAA8DB4EDFF744C6D31','455323B8D79744F6801806A55003541B'),(45,'E61A8671CBF94C75BD08122E042FD148','6CB413D904354A1AAF07029E7CA22825'),(46,'33C97DDED3A74DE09308D90545C2630E','9E803B58853A431A982CC4AFA9F3808F'),(47,'0FF6EB19F01446D5BA9A2DDA4A173EC2','474275F47BEC414DA765F05F5CAC28DA'),(48,'E216A18623F2440CB0A5A37910F695E2','8AF58D01DF30492C9791791D4FE6EE6E'),(49,'B5ABAD5502DD4172BF7971DDF9CE5C1E','C803EB671955453A9E7ADA44D5DF8B5E'),(50,'9CBD4A764E094EB7A41F32E531B57E32','E9262C7440AB48F8909F66775DEBB949'),(51,'E73C75E9AFF14EC982A4F32E882899A2','6C093FFC939D41DB83020A88E3725061'),(52,'CC4766C88CD14DD5835D2705F443557E','9D496E80BFE64E37B2CE0BA7F24ED78E'),(53,'03546C3B5DD6463A90A454CA3358F765','DF46B00C72C94557A52A3E243408F589'),(54,'96504C1E77764511B23CDE886812E7C6','CD0A0E2DAB5E41FEA7B168790DAAC7BF'),(55,'8A6AFDECA210460C87265BAC3AE8689F','AD817A06E40D42ECBD5C157951990FCC'),(56,'2EA4935BF80F428F90E15F794A1C9A1F','31B93FE7A60444AF903AF44DFA60D6D3'),(57,'E4B9386135114D9FA7696FA44C027020','AC0D0AE5866448AFA68F57FC99F09F23'),(58,'F39DB9E9C722456DB54E789198E5BC8E','44594F315734430D9CD819111929A160'),(59,'76F612AC36744EC7BB8C8A6593BD5CEF','63718AAD6C104D18B48870F3985B053B'),(60,'860CE69168494E5EA77E224F7D90BD31','69566C8814764AAA83DEABFC7591E785'),(61,'D09D817B53D14F8B8C333B6D30FAFFB6','E392172CB6B24C3BA85BAB5602742F65'),(62,'5D8249B0BD254000983640666315B428','A2C914439C7241CE896FCD30DACB8F61'),(63,'6E46DAB517BB4F75B0E4E0DA21ECD5EA','986B0B9A99C447418D7E67511D01CF7A'),(64,'B0A1F57FE4DB4E19AFB68A9918EA5F53','A11D3C842E8D4EC39137F00C19A1C81D'),(65,'DDA8D56AED10426F8E70B9DA0B95B5EB','AD5F989BAD5141039D744D40AAC82AA4'),(66,'5425CBF5D74D49688F8C38EE201BB2E6','7DFD4D6042EE4D7BB17E947ACD930EE7'),(67,'3A4FD37E93554AEB95447B8F141C2FFF','5419FCD94D6648CC8F5BC74D5A989007'),(68,'C0EA840080E34C2E89BD8C82EDC8AF78','32F6A3D8BCEA4F16AA2EFA6BBA01F8A1'),(69,'B6A3DAC7A4D64C5C948566AB412EE7C2','7E204928BDCA454EBB0B650B65B5B063'),(70,'A27494ADE10645BAAF740D23A207481E','BAE756A0A7A740BF88F7074D60012918'),(71,'8901042F7844406E8CCB1A8003764EDB','6D71ADDA0D084B5D9D09C3D473A612DC'),(72,'6EFCE090C2684FE7A709AC1438EBFDC2','33E7FAFAA892400FADCB31F946ED1499'),(73,'28300D644ED44748BC4EA7EC2E74E4D2','E9B7766ACDB3498E91B7FC019DE1CE20'),(74,'E142F83849E8401B816F0071155FDA7B','986B2873B2234146A4F2D90FDBDF85F1'),(75,'56D07F7EC0744301914C770F2CA66E40','6700B524A2FE4087A141D990C34300D0'),(76,'B87250F916014FA99BD99138AEBC993E','49AF29A2C59B4E4CAA8E27E558B02195'),(77,'F010FB9849E046A1BDC347E62753C553','141D83B8B5594EAA8E4A014B1A09DE83'),(78,'6BA1281356F4458C9F9CBDB4AEEC91C7','E70FFD809AE6443185676AE80BE7EAC6'),(79,'1342CD73C372416C84146A946EEF6CF9','8000924FF3E64B23A4A444E17B17D8F4'),(80,'88BEA2221B1E4595B50499BF1F4725AE','F4A1EA4826284F259A49905548164736'),(81,'EAC1B34DBDD643BA8D3995E805A2B615','378E3AD0265643269D7EBCD8FF8095A3'),(82,'2785D1965FEA49EC845EFD02E4D09D3E','6599A1B61F71428A885574437B28542A'),(83,'5C3805A9AB34481DAFF78287C6D0CAAB','2093280910884D8085CAE204E21F91D3'),(84,'DB75518C70574C428B36C2416E5D10E6','09B3FEA388194629A9B69C72523E6795'),(85,'A3D753D34A05427E95DF87FFA0FA2862','1205D3D39E924CE9A88E8BA2B989D799'),(86,'067B12A6A9E9417AAECD77F8E339AE8E','6ACAABF380414C5D8AFCD9F90E19BC43'),(87,'A4A58F43B2FA4A819B2824DD109DC130','7C667841C2134AE69BCC46054B3ED838'),(88,'9B443D4535D5493DBB9E9FC73856F391','3AD7404FDB01443A95586CAB872C7108'),(89,'4AD1A948BE684D98A755465E57D9BAC8','99960193B0CD42DE98F97E5949344CBC'),(90,'2FF89CF4AA9F4644B3569E0300B5DC39','C78D80D4D31E4AB6AA290A7ABF053F7B'),(91,'7BA3A3BA7E96415787AC7CA4641C3B57','B0296E9E9F134F2CA17E59BFC697F0DC'),(92,'4619DAA4E5AF4E499CCA93DE98DB2AB9','C6954F82A9B7444D8B584C8FD85968E1'),(93,'8120FCA35D5140BDA2F6FFFE133E03CE','20231BC751394457A933391ED49917DF'),(95,'C1D233218B404B528ECD6B783790BF04','584DF276B5574C8B905E684C37EABE97'),(96,'B189BCC32E4E4FC09E5697F1A6659B48','7C403C0B28F244BD85364ADDA61A13B9'),(97,'8B918F6107F54C00B9753BAB8C2AB240','59C9D8B65F29402A9CBC4B8732B852FF'),(98,'D203A91E203045A6816C37E3C56C159F','0BC0382524134F258191D7DFC1BE191C'),(99,'05D8B206D55D480C8209CE9CAD17AEAB','B15F94EA095E4C35820D4661A60F7E51'),(100,'189DBC93391749A788C745E39A55EF40','2EC258EBB2C04240A57573E05BC24574'),(101,'91E27B5FBE78481F903398D2D998378D','D22ED238AC944F8FBD58E3D0E54377CE'),(102,'5FC1FA4ECC414485B1DDDB48D30F598B','9FC68FA7278349B9996C489C4EBB4C16'),(103,'96960B07F4F64E408601F131DA95E339','E85CB990D06F47A097C787B6A67E369E'),(104,'B27FD644C4454F76ADB4E0DDACD0C11A','8E0998FB3F01411C92CBFC78F77920C9'),(105,'8F8892AAF3DB4F0AAF2A9B4660707D00','BB1A9D74CB564399AA65264022C3AC49'),(106,'4D83F47E2364467A92D6AEA0978CFE1E','5BD7E63176D54BD9A2CDFE4A9880CC5B'),(107,'BFC29AF266974176B20A508DA910C95D','AC6F6114B3EC44D481650B3347EC1F8D'),(108,'BE959CFDCE114ED08204B7AFC223F488','E826538E73D44002943B996B988436C1'),(109,'142D80FDCA604AE9BBE635AFD1B93889','E5035DE3C1B44881855CF86067FA46EC'),(110,'43E00153DAC7473EAA67863EB70BD97E','70B3AF30428D4D0DA8CC5D84EF089B02'),(111,'DCBA95D893254D71BBD6E8995410E053','991CCBC7E8ED4D0CBB980B40CD603FCC'),(112,'DF6F9606814041709BE5A350D0D28B15','D0B3FA4757F74C2398FF5E1F2F2C772C'),(113,'B5FD3D9A11CA410396035D3B978A91AF','0B263A07CA3041F79AB89754064B45A3'),(114,'F64A4B040B164A5CA40BDE0A75DB22A3','4B198B6AC21146A698ABB14A00923357'),(115,'830A0F7302CC4E90AD60A1AB7D96E47B','BD9660389A47493BA1007851A506FB4A'),(116,'89249A884283479C9330ED16F506CA54','900F9EA408BB4150BAAB2AADFA7F16EF'),(117,'653F6DFE18454C55A1895C4542FDA6C5','BA74EADEDAF84209B02E0A700757E2FF'),(118,'4FC8D851B66C46D397674BC067B825C1','568CE55C9ED942FAB610C1BD5253D351'),(119,'009AA00B89A1409F8E4D1B708F2F1BC8','02CE90C2509B4D4AA46D8141D1DB6AA0'),(120,'2686FE16E55844AFA1FBD4D23D774AA7','43F5999E0481469E8853A2871331C5FB'),(121,'900B2C1092C546A8B3523FD4713F2579','C6D76DC2DCEE4B0CBE4EB3E793D4E2D0'),(122,'22ADAA6415A744518F1AFC999CEF6156','8764B4ABED3F44AEA378830DE03D8995'),(123,'18848217FF494DA3AEE76C66CCE8B484','76B0F96304004D37B7FD5A6917729934'),(124,'9E2C840D3CA54DF7A491C694E3B0E906','6E9D5BBE307E49A1AE12E40F84CD7BF1'),(125,'BC27E18A61EC46278C9CADFF2AC55DA9','083C7DA4E205481682D7AA95FE053C8A'),(126,'4E716161F04E4431AFD67123E40D18C9','FB13089968D446AC90C02E45316D0138'),(127,'640BD73E77B34991A82C16DA61235F28','6541DA107A59456B82BBE2DF767DDB4B'),(128,'9C3B00C3988B421582723245E53CA2C8','08EEA8B3607E44A1A53953B9B8A54A71'),(129,'C351FF4EC41D4711A5F1ADFE0B7A6AA8','D6BA5167274742C7A8E124C77A827578'),(130,'3B60D53A7310414CA52D04D25A989153','BA6A04E2BB1E4F469214248E96222515'),(131,'897FEAAC431F430080E797406C0ED5A0','D389630D9841426DBD295BE82052E576'),(132,'9DF2C1C736C04F5F8FBC54629867F2D2','526AF6C6CB2744CAB1EB07F43F54D3DA'),(133,'0F130BAE8D20417FAB247CAEFAEBA412','6E0F8888B84D43DC93D81771191A2F72'),(134,'08EBC8A364634EB592D2ABF7D64C0489','F09CB24346554FC7977CC01F1294FE0A'),(135,'A035C3B7105943598036879004805BC3','833DBB65275F4357B0991C2D9ECC3E11'),(136,'5E0C602B3F7444C88908D1A095186091','F388E2C1BC974DD5B0D1E5201C85EF86'),(137,'22DB8B7EEF0A441BA48F14C27B85F327','26F3BDC2899D4784826CBA6DFFDADE94'),(138,'38DCC4029CC84D8FAA93DED7990AE23B','E517B8EEEAAF4FCEAD46F9FAC4FD8DED'),(139,'40FA77518AB64654A71AC0C191C78A2C','90CA5FA8323543DF903F6DD185ACDDEF'),(140,'BB6A79D2DD194EB981AED13300082F7A','1E266DF4909E4A9896D2C8D36D43DA82'),(141,'F614B43C8128401AB9E3B17E814234A6','363186A1BCF14B7BA0A708A846A7FEDB'),(142,'6A7CECF9619B4861A998859E0A8D956A','77F808B53BED4FEB8DEF7C9917BCE46B'),(143,'7A067CA9BA684221BD44D2D18E2D25EA','BE8E4255E0A247C8B9A4485A47700663'),(144,'10B6931A0226442C8B2B408BBCDF35C0','8796ED49ECB7447D9659993632491783'),(145,'8EDA5785C496462D95DFAC44496A2C0C','247336F3A99F465CB057A0C453920F64'),(146,'F2C0F616ADB64AD78D4C87D8E4B0932B','F26E860DB4D54647A81F932065DBBB8D'),(147,'8A783F9DB30949D3A0B6D10CCB2D0E97','372F4502CE424200B53410AFC9E21021'),(148,'D44FD8E3ECA54C30AA89B0D9FAAD5B40','13879E4B69D34DBD8DDFB116FDB8A264'),(149,'E51AA663F5EF4C9FA399672B9AD61A31','4E375844B26949F0B2B3D8C5552245EB'),(150,'1CC0D3C322CA4A139EE6B129A0FEA9FB','18F4EA138A9543B7A97A1157A5E21834'),(151,'E89FD1C380D54C0F87ED4702B1337015','1E619D11B63E4DD683806C13959E1177'),(152,'B0D63D0C84824B119F05236C5AB0D2CF','258999B566BA468DB4FF72DE30ABAC13'),(153,'7FAD75043F6842E185070976F69DF8ED','18498DC5CE1A447E845618A93DE91BF1'),(154,'EABB22C7F22D4439A287BA50B8F3589C','F8E7F543D58F45858FC7FBA44E3E10AE'),(155,'CFAE7D5565F748D2B8D8A7E4C993EF61','5DECCC430EF0442BB4527477D3F9E6C0'),(156,'04EFDE2E242A48A7B85E857F5D610011','41C2FF5B62164919966F5F16112FF2B5'),(157,'6FEB7A8A673B4826A6A62820155EA4EB','2D2FFE4537FD4B98BED4CE8A64E8569E'),(158,'9689104CED4B41AA91E674F13669E7A9','B9D0820FBD6148FFBD8CE6480894FF04'),(159,'212280A37E444963956B545B10451875','F609CDECC17B4C3A9C0F2AAC93FBFD22'),(160,'2CEB4A0BBDF54F849FDBE3AE93ED7E82','45617B27BFB64AF492D742189C8FC9F4'),(161,'FBA4F63C69CD4804BCF6CCD6BD83A68D','3999BDFB22F14EF8A7FD776BB532EC10'),(162,'4918129E8A944C749C1BBD918B36B8E4','65171F3A6405441BB88993B46B8777D7'),(163,'B493E8BB232B49B8B82829EC538A10B9','C3069EBECC174172A0B413FC2152FBF6'),(164,'A6A34B5D67204155883393036C8F4A33','A06ABC20198D433F9D9C13BE392D1C08'),(165,'24CF5F4AE85949659C3F6D740B1126CB','929513C7217D4775A277F8C55FB9891E'),(166,'3BC13BDBD1524BE29260A20126609D8D','E942EABED169481D9701776C1823974F'),(167,'EA44213E3EEB4432A493BCDCE4A51A26','B9393390BEC449D89120EAE15E29942F'),(168,'F80EFB1518004E0A9D6420B88FB3C7EE','FC341068499E4FA685F970C495586C51'),(169,'3E28F8734A134CA18221EB8F63CA3EB8','EE93D037B2BC4C0EB3A2C5D8E917E6B8'),(170,'1067F748E3ED412E9F7CBCC76D9922FB','6C12693FA3FF493186584013821F732D'),(171,'ACFAB2F240CE4804AE56AA682709F40E','47936F8CDF5E4FA5BD021FB1B9B580C8'),(172,'B8A2C7D37BD44D509B2C6D4D403D9B2F','A73BC51D62C04284A5CC766BA5B47706'),(173,'D0EA37ABB3DA4339B180F195D3BF3F17','8C3EACFCE75642B1871A397C606EEA8D'),(174,'8352752F228641DFB613054790AEB47D','16C19969435F491E87618EA0AC197DEA'),(175,'C1F107BA76D34F7AB56D3BC375696812','90B20CF1739F490689A4F0B69F1CD7B1'),(176,'74B3AB241D9B45CCB6CF6CA48A365324','1D107687EB5A468C9C3118D05E69C588'),(177,'B25886DBBA2D4A2F8873724463C86603','010E5F87DF3644DD944A5257CE159B00'),(178,'CFA3D65AF1A54BE99B8D7D4ABF7B317A','1E16CD5B35BA4D9DB42006B9DE638155'),(179,'0688CE2B18674F5CA6B1A5CA182C07CA','B2DC3A16395642C7A369B74C687708DC'),(180,'3ED9B0142358476CBE31DD08D12E3A13','685C9361BE9948EB91BA99B105CFC42F'),(181,'4F95B14290824E7F843A8D1AA41ED57D','23FC30BEE7184B7FBD3EF85E0D74C17C'),(182,'0646DCA13AF24675B1177D7F70282FE7','DC948CAD6F554010B91C93A9DDEBF47C'),(183,'33E6F090E8C8456EBF126902A7DFD0E9','A9E8F4A33DAA4B578F8CAEA83BC3A917'),(184,'8D3A7008986C4D4CBAA658CBF8D4F1F9','914198EACD92484BA9E8024CCBDC82A2'),(185,'C4562A29571141CB937A0CD957653B21','A20291B1ED414EFABD4AE560CD587D48'),(186,'05009AC2EE9A43009423F8BCF1DC7194','6C9DCDA4750C493797B0A9A8DB60B8F2'),(187,'68CB6EB168D04EA4B7F26718950DE7D3','0DA68EBC9B5041DC8B709A35118DE78A'),(188,'2F7B051F9225492B9C71326EE97C13E3','3D2AF173F06445E48E01C58BE8E01874'),(189,'A1799E38A686425ABAC036C23F29E2C6','2625ECD385B941C48EFE2F81C82DA708'),(190,'7B4ABECFBDBE419F8500A482C085811A','ED6C8B71144C42B9941CDE07D19301D8'),(191,'DC85B3C32BF94AE9BCBF2ABB21C907F9','1A054D0107EA4AD7800AB073FE5C7813'),(192,'0D29368D9AD247CE8A75E3E876670B51','C8D26B633D374B91BA050B4424A2017E'),(193,'FB56955915B64AD18B6C54D793756FF4','F4CDFE30C7FF462C921A61C99EB4BC36'),(209,'0D29368D9AD247CE8A75E3E876670B51','d13a3efe02244965aa1ee04825e63f2c'),(210,'0F130BAE8D20417FAB247CAEFAEBA412','d13a3efe02244965aa1ee04825e63f2c'),(211,'0D29368D9AD247CE8A75E3E876670B51','a84be232b67c455e9c151dc565ea398c'),(212,'0F130BAE8D20417FAB247CAEFAEBA412','a84be232b67c455e9c151dc565ea398c'),(219,'0D29368D9AD247CE8A75E3E876670B51','046E4F7B48BB400CA91539AB52F9CC34'),(220,'0F130BAE8D20417FAB247CAEFAEBA412','046E4F7B48BB400CA91539AB52F9CC34'),(221,'0D29368D9AD247CE8A75E3E876670B51','046E4F7B48BB400CA91539AB52F9CC34'),(222,'0F130BAE8D20417FAB247CAEFAEBA412','046E4F7B48BB400CA91539AB52F9CC34'),(223,'0D29368D9AD247CE8A75E3E876670B51','046E4F7B48BB400CA91539AB52F9CC34'),(224,'0F130BAE8D20417FAB247CAEFAEBA412','046E4F7B48BB400CA91539AB52F9CC34');
/*!40000 ALTER TABLE `student_design_map` ENABLE KEYS */;
UNLOCK TABLES;

--
-- Table structure for table `teacher`
--

DROP TABLE IF EXISTS `teacher`;
/*!40101 SET @saved_cs_client     = @@character_set_client */;
/*!40101 SET character_set_client = utf8 */;
CREATE TABLE `teacher` (
  `id` char(32) NOT NULL,
  `icon` varchar(255) DEFAULT 'default',
  `realname` varchar(255) DEFAULT NULL,
  `persitional_title` varchar(255) DEFAULT NULL,
  `teach_room` varchar(255) DEFAULT NULL,
  `status` int(11) DEFAULT NULL,
  PRIMARY KEY (`id`)
) ENGINE=InnoDB DEFAULT CHARSET=utf8;
/*!40101 SET character_set_client = @saved_cs_client */;

--
-- Dumping data for table `teacher`
--

LOCK TABLES `teacher` WRITE;
/*!40000 ALTER TABLE `teacher` DISABLE KEYS */;
INSERT INTO `teacher` VALUES ('1','ee','爱上','我问','sd',1),('2','ww','地方','22','sd',1),('3','qq','更好','33','sd',1);
/*!40000 ALTER TABLE `teacher` ENABLE KEYS */;
UNLOCK TABLES;

--
-- Table structure for table `user`
--

DROP TABLE IF EXISTS `user`;
/*!40101 SET @saved_cs_client     = @@character_set_client */;
/*!40101 SET character_set_client = utf8 */;
CREATE TABLE `user` (
  `id` char(32) NOT NULL,
  `username` varchar(255) NOT NULL,
  `passwd` varchar(255) NOT NULL,
  `type` smallint(6) NOT NULL,
  PRIMARY KEY (`id`)
) ENGINE=InnoDB DEFAULT CHARSET=utf8;
/*!40101 SET character_set_client = @saved_cs_client */;

--
-- Dumping data for table `user`
--

LOCK TABLES `user` WRITE;
/*!40000 ALTER TABLE `user` DISABLE KEYS */;
INSERT INTO `user` VALUES ('009AA00B89A1409F8E4D1B708F2F1BC8','201230891448','123456',0),('03546C3B5DD6463A90A454CA3358F765','201230891226','123456',0),('04EFDE2E242A48A7B85E857F5D610011','201230030434','123456',0),('05009AC2EE9A43009423F8BCF1DC7194','201230030410','123456',0),('05D8B206D55D480C8209CE9CAD17AEAB','201230892025','123456',0),('0646DCA13AF24675B1177D7F70282FE7','201230030328','123456',0),('067B12A6A9E9417AAECD77F8E339AE8E','201230892117','123456',0),('0688CE2B18674F5CA6B1A5CA182C07CA','201230030250','123456',0),('084b114e020e47ac9d0ace79c7ff82c6','201430551340','123456',0),('08EBC8A364634EB592D2ABF7D64C0489','201230891059','123456',0),('0960782C353E43D49696304F67E654B8','201230890052','123456',0),('0A89A424A5E64063B1FB2EC016F360E2','201230890397','123456',0),('0D29368D9AD247CE8A75E3E876670B51','201236031077','123456',0),('0F130BAE8D20417FAB247CAEFAEBA412','201230890496','123456',0),('0FF6EB19F01446D5BA9A2DDA4A173EC2','201230891196','123456',0),('1067F748E3ED412E9F7CBCC76D9922FB','201230030052','123456',0),('10B6931A0226442C8B2B408BBCDF35C0','201230030236','123456',0),('1342CD73C372416C84146A946EEF6CF9','201230892124','123456',0),('142D80FDCA604AE9BBE635AFD1B93889','201230892148','123456',0),('14F819C4094A48408B274747000B06B0','201230891295','123456',0),('1710AE5E3C9C4E49A7A5168D14303FE3','201230891400','123456',0),('18848217FF494DA3AEE76C66CCE8B484','201230891394','123456',0),('189DBC93391749A788C745E39A55EF40','201230892315','123456',0),('19986E5F203F461482EC66C9F97CA35C','201230890342','123456',0),('1AF5C189B6B94B5F91E398AACC1C3347','201230892223','123456',0),('1CC0D3C322CA4A139EE6B129A0FEA9FB','201230030335','123456',0),('1E56B630B4EE4E07AC71B292C0F4D636','201230890373','123456',0),('212280A37E444963956B545B10451875','201230031011','123456',0),('215A8C142A4C40FC999DBBF0CDD8B2F2','201230892216','123456',0),('22ADAA6415A744518F1AFC999CEF6156','201230891257','123456',0),('22DB8B7EEF0A441BA48F14C27B85F327','201230030045','123456',0),('2383F26696EC457EB2D294CA64DF6656','201230891042','123456',0),('24CF5F4AE85949659C3F6D740B1126CB','201237030499','123456',0),('266C2405B88F4475B1EDD767E9B0726B','201230890168','123456',0),('2686FE16E55844AFA1FBD4D23D774AA7','201230890441','123456',0),('2785D1965FEA49EC845EFD02E4D09D3E','201230891387','123456',0),('27BDB3FDCD994F908AE66FB83A216EE6','201230891431','123456',0),('28300D644ED44748BC4EA7EC2E74E4D2','201230892193','123456',0),('2CEB4A0BBDF54F849FDBE3AE93ED7E82','201230031028','123456',0),('2EA4935BF80F428F90E15F794A1C9A1F','201230892261','123456',0),('2F7B051F9225492B9C71326EE97C13E3','201230030458','123456',0),('2FF89CF4AA9F4644B3569E0300B5DC39','201230891417','123456',0),('33C97DDED3A74DE09308D90545C2630E','201230890274','123456',0),('33E6F090E8C8456EBF126902A7DFD0E9','201230030359','123456',0),('358FEEC5A8B24CA1A750179E2CCF0302','201230892322','123456',0),('38DCC4029CC84D8FAA93DED7990AE23B','201230030083','123456',0),('3A4FD37E93554AEB95447B8F141C2FFF','201230891073','123456',0),('3B60D53A7310414CA52D04D25A989153','201230890014','123456',0),('3BC13BDBD1524BE29260A20126609D8D','201136750092','123456',0),('3E28F8734A134CA18221EB8F63CA3EB8','201230030038','123456',0),('3ED9B0142358476CBE31DD08D12E3A13','201230030281','123456',0),('3FC4E8E2A9684E24B957C26FE3755661','201230890199','123456',0),('40FA77518AB64654A71AC0C191C78A2C','201230030090','123456',0),('417F9468E44349788E80988B9C520205','201230890410','123456',0),('43A32AA58E4D4FF2975901A9BF091B82','201230891028','123456',0),('43E00153DAC7473EAA67863EB70BD97E','201230890083','123456',0),('4619DAA4E5AF4E499CCA93DE98DB2AB9','201030860286','123456',0),('48F204E2BC2A404FB731425B8A632490','201230891370','123456',0),('4918129E8A944C749C1BBD918B36B8E4','201230031059','123456',0),('4AD1A948BE684D98A755465E57D9BAC8','201230890472','123456',0),('4D83F47E2364467A92D6AEA0978CFE1E','201230892056','123456',0),('4E716161F04E4431AFD67123E40D18C9','201230890120','123456',0),('4F95B14290824E7F843A8D1AA41ED57D','201230030298','123456',0),('4FC8D851B66C46D397674BC067B825C1','201230891288','123456',0),('501b54c3855946839e9f3d70f2685aac','201430551340','123456',0),('5425CBF5D74D49688F8C38EE201BB2E6','201230890076','123456',0),('56D07F7EC0744301914C770F2CA66E40','201230890502','123456',0),('5835A3E9B950468F858A45ABC2AB4AB9','201230891271','123456',0),('58CE7123504C4655B61B9F30EADE9BFA','201230890304','123456',0),('5B8C5D95AACB481E9D2A0F52E601733B','201230891493','123456',0),('5C3805A9AB34481DAFF78287C6D0CAAB','201230890038','123456',0),('5D8249B0BD254000983640666315B428','201230890458','123456',0),('5DDC5BA65DE24447A269FA7F93E5658A','201230890113','123456',0),('5E0C602B3F7444C88908D1A095186091','201130031043','123456',0),('5f19151b2c094bf08f1986a1b84ef50d','201430550252','123456',0),('5FC1FA4ECC414485B1DDDB48D30F598B','201230890045','123456',0),('6044C811B410455FB89D27613CFDA710','201230890366','123456',0),('61E3DB4F59BC4E1A91F52BEA233F89D2','201230891127','123456',0),('640BD73E77B34991A82C16DA61235F28','201230890229','123456',0),('653F6DFE18454C55A1895C4542FDA6C5','201230891202','123456',0),('68CB6EB168D04EA4B7F26718950DE7D3','201230030441','123456',0),('6A7CECF9619B4861A998859E0A8D956A','201230030137','123456',0),('6A978E89B36C403BB82B094CFAF78B56','201230890106','123456',0),('6BA1281356F4458C9F9CBDB4AEEC91C7','201230892049','123456',0),('6C0CB29713CC4814A1CA1FEFE1071223','201230892070','123456',0),('6CBBFB8A3B3741B6B9DD4C625B4C1439','201230891158','123456',0),('6E46DAB517BB4F75B0E4E0DA21ECD5EA','201230891165','123456',0),('6E7EB1CB18B4425B8AAE4EFBB1DBED47','201230892063','123456',0),('6EFCE090C2684FE7A709AC1438EBFDC2','201230890205','123456',0),('6FEB7A8A673B4826A6A62820155EA4EB','201230030465','123456',0),('74B3AB241D9B45CCB6CF6CA48A365324','201230030199','123456',0),('76F612AC36744EC7BB8C8A6593BD5CEF','201230890311','123456',0),('7A067CA9BA684221BD44D2D18E2D25EA','201230030229','123456',0),('7B4ABECFBDBE419F8500A482C085811A','201230030489','123456',0),('7BA3A3BA7E96415787AC7CA4641C3B57','201230892100','123456',0),('7DC36367CEF74660967FAD772015010B','201230891219','123456',0),('7FAD75043F6842E185070976F69DF8ED','201230030380','123456',0),('8120FCA35D5140BDA2F6FFFE133E03CE','201230890403','123456',0),('830A0F7302CC4E90AD60A1AB7D96E47B','201230890281','123456',0),('8352752F228641DFB613054790AEB47D','201230030168','123456',0),('860CE69168494E5EA77E224F7D90BD31','201230890465','123456',0),('88BEA2221B1E4595B50499BF1F4725AE','201230892186','123456',0),('8901042F7844406E8CCB1A8003764EDB','201230890175','123456',0),('89249A884283479C9330ED16F506CA54','201230891141','123456',0),('897FEAAC431F430080E797406C0ED5A0','201230890380','123456',0),('8A6AFDECA210460C87265BAC3AE8689F','201230891486','123456',0),('8A783F9DB30949D3A0B6D10CCB2D0E97','201230030274','123456',0),('8B918F6107F54C00B9753BAB8C2AB240','201230891301','123456',0),('8D3A7008986C4D4CBAA658CBF8D4F1F9','201230030366','123456',0),('8EDA5785C496462D95DFAC44496A2C0C','201230030243','123456',0),('8F8892AAF3DB4F0AAF2A9B4660707D00','201230890267','123456',0),('900B2C1092C546A8B3523FD4713F2579','201230891134','123456',0),('91E27B5FBE78481F903398D2D998378D','201130821088','123456',0),('96504C1E77764511B23CDE886812E7C6','201230891264','123456',0),('9689104CED4B41AA91E674F13669E7A9','201230030502','123456',0),('96960B07F4F64E408601F131DA95E339','201230890335','123456',0),('9948B3DC68CD4FAC80F421EC1E1825E4','201230891035','123456',0),('9B443D4535D5493DBB9E9FC73856F391','201230890243','123456',0),('9C3B00C3988B421582723245E53CA2C8','201230891509','123456',0),('9CBD4A764E094EB7A41F32E531B57E32','201230892230','123456',0),('9DF2C1C736C04F5F8FBC54629867F2D2','201230890434','123456',0),('9E2C840D3CA54DF7A491C694E3B0E906','201230892131','123456',0),('A035C3B7105943598036879004805BC3','201230891318','123456',0),('A1799E38A686425ABAC036C23F29E2C6','201230030472','123456',0),('A27494ADE10645BAAF740D23A207481E','201230892179','123456',0),('A3D753D34A05427E95DF87FFA0FA2862','201230891462','123456',0),('A4A58F43B2FA4A819B2824DD109DC130','201230890144','123456',0),('A50DD8E6B8AC47C787629FD8767C09B3','201230892278','123456',0),('A6A34B5D67204155883393036C8F4A33','201230031080','123456',0),('ACFAB2F240CE4804AE56AA682709F40E','201230030076','123456',0),('AF0A82AA4CAC4AC08A4D1F00333D023A','201230891332','123456',0),('B0A1F57FE4DB4E19AFB68A9918EA5F53','201230892018','123456',0),('B0D63D0C84824B119F05236C5AB0D2CF','201230030373','123456',0),('B136EAC3B84649AAA1FAEC38E8395E8D','201230891080','123456',0),('B189BCC32E4E4FC09E5697F1A6659B48','201230890427','123456',0),('B25886DBBA2D4A2F8873724463C86603','201230030205','123456',0),('B27FD644C4454F76ADB4E0DDACD0C11A','201230890359','123456',0),('B493E8BB232B49B8B82829EC538A10B9','201230031066','123456',0),('B5ABAD5502DD4172BF7971DDF9CE5C1E','201230891356','123456',0),('B5FD3D9A11CA410396035D3B978A91AF','201230891172','123456',0),('B6A3DAC7A4D64C5C948566AB412EE7C2','201230892032','123456',0),('B87250F916014FA99BD99138AEBC993E','201230891103','123456',0),('B8A2C7D37BD44D509B2C6D4D403D9B2F','201230030113','123456',0),('B8B8877C8ABF432A8FD9734B64CE384E','201230891011','123456',0),('ba8e909364f34659bc3b4c907aac5ac1','201430551340','123456',0),('BB6A79D2DD194EB981AED13300082F7A','201230030106','123456',0),('BC27E18A61EC46278C9CADFF2AC55DA9','201230892155','123456',0),('BE3D358D67554098B6EBBA034C6434BE','201230892087','123456',0),('BE959CFDCE114ED08204B7AFC223F488','201230891455','123456',0),('BFC29AF266974176B20A508DA910C95D','201230890090','123456',0),('C0EA840080E34C2E89BD8C82EDC8AF78','201230891097','123456',0),('C1D233218B404B528ECD6B783790BF04','201230890069','123456',0),('C1F107BA76D34F7AB56D3BC375696812','201230030182','123456',0),('C351FF4EC41D4711A5F1ADFE0B7A6AA8','201230892285','123456',0),('C4562A29571141CB937A0CD957653B21','201230030403','123456',0),('CC4766C88CD14DD5835D2705F443557E','201230890212','123456',0),('CE4DFCEC4DE2410F8319C9665830AF51','201230891424','123456',0),('CFA3D65AF1A54BE99B8D7D4ABF7B317A','201230030212','123456',0),('CFAE7D5565F748D2B8D8A7E4C993EF61','201230030427','123456',0),('D09D817B53D14F8B8C333B6D30FAFFB6','201230892094','123456',0),('D0EA37ABB3DA4339B180F195D3BF3F17','201230030144','123456',0),('D203A91E203045A6816C37E3C56C159F','201230891325','123456',0),('D44FD8E3ECA54C30AA89B0D9FAAD5B40','201230030304','123456',0),('D67A909EFE534DDE877FEEDE43471262','201230892162','123456',0),('D8C95360ED3F4DAA8DB4EDFF744C6D31','201230892308','123456',0),('DB75518C70574C428B36C2416E5D10E6','201230890489','123456',0),('DC85B3C32BF94AE9BCBF2ABB21C907F9','201230031097','123456',0),('DCBA95D893254D71BBD6E8995410E053','201230890137','123456',0),('DDA8D56AED10426F8E70B9DA0B95B5EB','201230892254','123456',0),('DF6F9606814041709BE5A350D0D28B15','201230890298','123456',0),('E04F8C87896F47F68504B3FF1CC08924','201230891189','123456',0),('E142F83849E8401B816F0071155FDA7B','201230892209','123456',0),('E216A18623F2440CB0A5A37910F695E2','201230891349','123456',0),('E2F6C937F8154BB29083D84F11265E10','201230890236','123456',0),('E31EB8E32D2842D4AC6C0BDECFC7A497','201230890328','123456',0),('E4B9386135114D9FA7696FA44C027020','201230890021','123456',0),('E51AA663F5EF4C9FA399672B9AD61A31','201230030311','123456',0),('E61A8671CBF94C75BD08122E042FD148','201230890151','123456',0),('E73C75E9AFF14EC982A4F32E882899A2','201230890182','123456',0),('E89FD1C380D54C0F87ED4702B1337015','201230030342','123456',0),('E8B1C1D1F86349EC86BE6A678DDCA353','201230891479','123456',0),('EA44213E3EEB4432A493BCDCE4A51A26','201230030014','123456',0),('EABB22C7F22D4439A287BA50B8F3589C','201230030397','123456',0),('EAC1B34DBDD643BA8D3995E805A2B615','201230891110','123456',0),('EED9EEDE18EE4776AD31BC6117F38D4A','201230891363','123456',0),('F010FB9849E046A1BDC347E62753C553','201230891233','123456',0),('F2C0F616ADB64AD78D4C87D8E4B0932B','201230030267','123456',0),('F39DB9E9C722456DB54E789198E5BC8E','201230890250','123456',0),('F614B43C8128401AB9E3B17E814234A6','201230030120','123456',0),('F64A4B040B164A5CA40BDE0A75DB22A3','201230892292','123456',0),('F6D859DC69D1445E84A7ED5D365D15DA','201230891240','123456',0),('F80EFB1518004E0A9D6420B88FB3C7EE','201230030021','123456',0),('FB56955915B64AD18B6C54D793756FF4','201237030178','123456',0),('FBA4F63C69CD4804BCF6CCD6BD83A68D','201230031035','123456',0);
/*!40000 ALTER TABLE `user` ENABLE KEYS */;
UNLOCK TABLES;

--
-- Table structure for table `vitae`
--

DROP TABLE IF EXISTS `vitae`;
/*!40101 SET @saved_cs_client     = @@character_set_client */;
/*!40101 SET character_set_client = utf8 */;
CREATE TABLE `vitae` (
  `id` char(32) NOT NULL,
  `good_field` varchar(100) DEFAULT NULL,
  `personal_page` varchar(255) DEFAULT NULL,
  `cellphone` varchar(15) DEFAULT NULL,
  `email` varchar(30) DEFAULT NULL,
  `qq` varchar(15) DEFAULT NULL,
  `personal_bitmatrix` varchar(255) DEFAULT NULL,
  `province` varchar(255) DEFAULT NULL,
  `city` varchar(255) DEFAULT NULL,
  PRIMARY KEY (`id`)
) ENGINE=InnoDB DEFAULT CHARSET=utf8;
/*!40101 SET character_set_client = @saved_cs_client */;

--
-- Dumping data for table `vitae`
--

LOCK TABLES `vitae` WRITE;
/*!40000 ALTER TABLE `vitae` DISABLE KEYS */;
INSERT INTO `vitae` VALUES ('009AA00B89A1409F8E4D1B708F2F1BC8','C++','www.baidu.com','110','123@qq.com','123','anispbfosbofafa',NULL,NULL),('03546C3B5DD6463A90A454CA3358F765','C++','www.baidu.com','110','123@qq.com','1234','anispbfosbofafa',NULL,NULL);
/*!40000 ALTER TABLE `vitae` ENABLE KEYS */;
UNLOCK TABLES;
/*!40103 SET TIME_ZONE=@OLD_TIME_ZONE */;

/*!40101 SET SQL_MODE=@OLD_SQL_MODE */;
/*!40014 SET FOREIGN_KEY_CHECKS=@OLD_FOREIGN_KEY_CHECKS */;
/*!40014 SET UNIQUE_CHECKS=@OLD_UNIQUE_CHECKS */;
/*!40101 SET CHARACTER_SET_CLIENT=@OLD_CHARACTER_SET_CLIENT */;
/*!40101 SET CHARACTER_SET_RESULTS=@OLD_CHARACTER_SET_RESULTS */;
/*!40101 SET COLLATION_CONNECTION=@OLD_COLLATION_CONNECTION */;
/*!40111 SET SQL_NOTES=@OLD_SQL_NOTES */;

-- Dump completed on 2017-05-18  8:41:20
